{"version":6,"hash":{"type":"Buffer","data":"AADl1EcYzKTUIKUj+3c8M2Hd/fidaoc/W3Xvs0dca+94qzbeWNDdLT/W6F9HkyOdHiZiVF6Vf/eMLe+kB9achRP1MkMuLpjLD8MdBfojteh2ifd5a5FKK+Dha5gS6wS9LdhsZcKNQFDbix9C5lEcUnqZuM4ywb3gTzTAz1Cn214="},"indexValueMap":{"W9n6yCgxisoQvA/gf+/wqgBqhr4xV0W8lQssbdrd3rU=":{"valueMac":{"type":"Buffer","data":"ZQHR2qaoi13ofAqop/kves1JnY6t+9iOYSjLbuFrd2E="}},"Qk1VCKynXeSXkH2aqV9UtqGwXVMaey0vmc0PDsg7BxA=":{"valueMac":{"type":"Buffer","data":"tq6LZjbJIXUy6J2u/h3QDTKYw+SmJ7ljQvUdE6jJjgI="}},"E7nPjl4wysdGVRr+XmQ7j7Dx7Cla/x/pNUoYt70DVo0=":{"valueMac":{"type":"Buffer","data":"AVzq+9AbkBiutCf6FGYSLDf6Y9NEpgJZZ6L8T22uUqY="}},"N70CqNjUnGtxrwa++KmYKbJD4rd/EbVuodqOVDafP4c=":{"valueMac":{"type":"Buffer","data":"YX9MjjNgQIkuOF5gC6lwUShnr2DRORtGAVBTSEU+fmw="}},"IXGCVrLgog5DHbmkINAqyJvfrxVPxH8TRouKlZQLO50=":{"valueMac":{"type":"Buffer","data":"7ArwDAeS2iZ8rkESNYNa/b7GWlk0xKFZnXXFqGIdVk4="}},"45gJLOIWn4VHhC88oh51Lw7Kk0uAqL8PygnLKtE3Ba8=":{"valueMac":{"type":"Buffer","data":"/oW01rlksku9uSiCRuPDwqfot+6dPSryQO9oukbu7Is="}},"WhxVxzC4zg6tyrtzh6AfOYJWB4kqFShJoCNkvv0H2ps=":{"valueMac":{"type":"Buffer","data":"plbK3NriiwF6zDEUIiIJcI9RJyEycO1CL+p2P6RTuEA="}},"cE9I6JSwEBrSXpjTnfZxz5MNd+zDPzdGFZKlHRMNtOs=":{"valueMac":{"type":"Buffer","data":"cJ6MVglpfbolYs75l8aYYxGSrdhPqR2mJydY7V9gltI="}},"/ErBfQuKBBozefhrqW05vAwsAhYJo5FVNb4UsSQ1Hwc=":{"valueMac":{"type":"Buffer","data":"Y5rK/FHCjwsf8a897+Elwip9sn+N1dTg4RvXRe5B37g="}},"vtHHr+2mZuEkT6YSOay56MT6FTbvj4F4l4pka2LaDXk=":{"valueMac":{"type":"Buffer","data":"ui0Uim41l7PMcEaARlSnpACKrJdAWgtgNjYdjU6Thsw="}},"KWLZO7xIkL2BKRZRvmlHGESfYtqhMaEE9wps63CZaok=":{"valueMac":{"type":"Buffer","data":"JpEWFl3UfAG7XWHAXU6NDYpotB5g2++F7AYdEswIDeQ="}},"pqUsbpSy5iwo9mi3kkTr/ID333qVwyCeB4rElnjbnn8=":{"valueMac":{"type":"Buffer","data":"LceIB03oXdGvJCdgpTeaWP/dz97NEV43qJb1FxkAJvY="}},"aOOZ8BI2gUWKImvZFoD5Rzd//ts80EV46RM7w8sS1go=":{"valueMac":{"type":"Buffer","data":"oormuaFsUvCmyAtsR6sDMLBJYzT+Y3M/5NN1COKFiWk="}},"a5s7IStO/fZyvs7lDJEF/EVinpa363xdWLvvt5EgtU0=":{"valueMac":{"type":"Buffer","data":"NyCGw8cVqYaBo8ruYTxMIv0+FOkSGioT4ioxkreEaHE="}},"uNgAXc95IdhrHjkaBfqUkPTRA+HZmwC7awrDPQFosHI=":{"valueMac":{"type":"Buffer","data":"2/2ywaHYmR+kgnepq+3YZb3sQ1+QN84OJ4JK0Qs/Zrc="}},"ZKDMHA3w6vCELPn4xnYQyicfxZSZxamtVEy6K6JqkR4=":{"valueMac":{"type":"Buffer","data":"V1VFRRUHK9OSiPrLzc/QBUVnQEKihq/5znqmOew7dwQ="}},"o2fykGOhK68Gao/9P2XyZQjs+judlv4Z9/5TWlb8xfo=":{"valueMac":{"type":"Buffer","data":"+3h+MlfccAoBrA6JQRg4oeriS6Lnlkb/MZukKz18GQM="}}}}