{"version":4,"hash":{"type":"Buffer","data":"I/jVeRCRiri3E5VqQAJSHwWInwSn1HTxJXkMVnTL+NVGFzAX/cZLi7uqPcPqGe14qIdUoqHgdfZEkQfdAqpvKvI9loRGvlSoaMFJe/yjSlCBdYbD1rHpnt6uKXSZs19uKl2Tj2u9z2Ar0Flw8IF8xAzer1dmp3SbM9j/s8S3/fQ="},"indexValueMap":{"ngjh0Fz26NsVvHblkco48vwzuvi/FKf9iraRIw+OCDQ=":{"valueMac":{"type":"Buffer","data":"ikWxPk0MyLZJGd/7W3qq826esALygpxOFqyVf5jytao="}},"PacD/o88Bdnv1O2+0H1QT2NOPo8vxYZ47rasPWr+fTo=":{"valueMac":{"type":"Buffer","data":"cw4uHNzyNF+nzrSfodJ12uv++62bRcg4axV5TNcnZ1M="}},"/dRODdVntvdKUDk2QLcSOQV/4oJdiCLTc5HTNFXuPqY=":{"valueMac":{"type":"Buffer","data":"0RhbOzq7elB1uL6cU6nReQWZXKLDuBTpqU2zVM6jdR0="}},"XKcXV33JzXtjzKSTe+xwZ15qsBwAm3wjtlAyCIbCP6o=":{"valueMac":{"type":"Buffer","data":"XWZmwb9rbXhB1KCUT+2xKi4D2h+/SFQ78qre4oORv2o="}},"672ForcMSE5/p1prOJAj31t0pX/U2z27wHzQZ41VGiU=":{"valueMac":{"type":"Buffer","data":"f+ZV4IPXITAKRIog6cJ4Rk8Ovldi+ymxWXX7ho4//+I="}},"m+1IwVmooC0N9aaakxQLVR9PuL7O/Qnz3WLCkuYNw1o=":{"valueMac":{"type":"Buffer","data":"PWYMdXYdf9QlELrzYJTbcXwZAv6IgyOZMyFMMgdtFek="}},"YJ0fNCW3oVCsy/I20HnTauovh88j/uSn25x9fr4O54Y=":{"valueMac":{"type":"Buffer","data":"pwpXwwqV+j2TZ4D2fTI5TV8jWFY3ZWdO8gbjNS22XGo="}},"aRceE4akVVd1QrwZN06vLtEJJ9bKCcFELII952dQ+qo=":{"valueMac":{"type":"Buffer","data":"hYz33IidfiQj02Aieu+3v1T8Pve7g5Ey79dC6exVyI4="}},"eNoEtkiGhRdwhfxMdxI/B4gvXWkNWcbxC+b0iSxHgIw=":{"valueMac":{"type":"Buffer","data":"FT3eRHIvjOOvzvoD4h2TxjmuJWllXErgmbJgRHHBnzE="}},"xXIKFrYEG48aMGoXzk/7nieGcojpjYCaryH5XwW/r/0=":{"valueMac":{"type":"Buffer","data":"RJX5KtIozbqBdZ0bQtkJnzvTLJQNZj8vO2iqHzClroI="}},"GcHDi32YEZGvjZMH0VTNx0LR95NeEG4I2MytqDWMfvk=":{"valueMac":{"type":"Buffer","data":"bvqaPh5p3pRYLxJJYUdLT88YJYjMTDaxMGhffXA09fM="}},"ch3n6VFsFFzm1f+X3WJfUvfqSwY7rfpVilo6Hl/9QtQ=":{"valueMac":{"type":"Buffer","data":"eIlls4ehlz6gpVCrsiZNUEqVJYe1+IimfYajCsI1Ltw="}},"6ueKTFTfRiFPU9L0pQiC8GGY7HTCX00PqDeaolBx/b4=":{"valueMac":{"type":"Buffer","data":"EQxU8qZILeM23cUq1M51fHvPKsVUNYunZfHaelXGTsc="}},"jL/LCowHzwUOCM8KqHn1m0pLztBvPDtsPkxspNhFrDc=":{"valueMac":{"type":"Buffer","data":"98vkW9Y/t9UzMD/74Wm+1KwibC52lzMLx8kQEDOg+FU="}},"/JAgX6fZEHomipX16IGpq+WjBByopZY2hORrKjmhhHc=":{"valueMac":{"type":"Buffer","data":"jbqpEc74aESi2yKMqIHoQU5498y2dmxXIgLAhCFhYOQ="}},"aFTSQIHnTVMM+nlDyNPN/VG5nGgWKfyHuxt6lcdj9w8=":{"valueMac":{"type":"Buffer","data":"TM1JSXSEolxrEzfEjeZnzdKy/wEo1tB3+ItFf8SL0D4="}},"mEq7t4kcNGApsD5bRru9KAF3Ir4cLcBy3zeLhZINUos=":{"valueMac":{"type":"Buffer","data":"KKi7qsFBbgaXDzOW+dgA3gKJnYDgGyjefbsZMbjtIHQ="}},"cztphZaTUC1kO130f+NY7Hl/IlwjvwRPnRqTUf7EEWg=":{"valueMac":{"type":"Buffer","data":"WaglZri5kMOAHBTnI+GPpIWMzhkE4lOXIBN7FRxrAYA="}},"rxvNRizLk0cs29tzCTFjMEA99Crx8lPw4I2bkrWNRmk=":{"valueMac":{"type":"Buffer","data":"ZztC+Fy5yyAiEprLAp8+fpOu/pumSiBQlzVHwleqNyw="}},"p5n2zM35OmPiQvUHWvrTwMVQqROubv4iJVTMN5zPprc=":{"valueMac":{"type":"Buffer","data":"skLdtpJ4/i2NpwiqQEojD62ZIJUIri5aRG2ibnlVuWc="}},"ApK4I/4xFTunpLdCM5UOa5ehsfp+ykTZnT8qxDw2f0g=":{"valueMac":{"type":"Buffer","data":"/NZeLAZG/mlRCr3Dx5aIO+9fz8B8ADVyJtcM46RkeN4="}},"wfEPfIQMPao3M0Rm+34gU9oiddz9GmY1lW+nh+VC9FE=":{"valueMac":{"type":"Buffer","data":"xShyjJkcMYPy4dzGwiGG8rmhtBJ0evRgvr6yFvoy7Qw="}},"PiqtHmuwa3YAM6q4l58fXOKMD0kUG4aEsQEO+g2Ta5o=":{"valueMac":{"type":"Buffer","data":"ftRQAy2UcqpuGJFReWlFQ8LLQbMunzXvdddvk3z6YjA="}},"GDnrmYDTpx++lzT+iEuxvKdWyIdIloBX5QMp/is2nVg=":{"valueMac":{"type":"Buffer","data":"g9eKlPAiI2SJzwu2RJvYQCvjxfkI5SeO5BVJzFzCW8w="}},"PaFDW/xaRwLwsH8jDJaM+nOzNmujhN1FvolFQNDkLd8=":{"valueMac":{"type":"Buffer","data":"gYlg9pcMmrK5EoPTwFcOplNZ3lgjCZNZTGilp3fuurE="}},"CefnPaY7gTIkaY21mcL+KpAbi9fkG5419kMw5iw8y20=":{"valueMac":{"type":"Buffer","data":"z+Nz/s8whNnRxIbmqrTMPJ3UU476JySBFFpbmio4GcU="}},"aDlFSmjBOJOwX/G3BnvJiu6rya9VkKOUfvBqrTPBCNQ=":{"valueMac":{"type":"Buffer","data":"eyMbLsb4/eI/MUR0U88Q6kR9EBCIKXA3Mt4qjkQ4qz4="}},"zGRd301MM0UlwkXh/Iny8EY8n7/h/385yNKm+u3fkFM=":{"valueMac":{"type":"Buffer","data":"vS1EceYyYPCbIP5BDxKkfZ7NVAPwQX5usWsD0zqf5/4="}},"6nPCUGvUJLxnZB/gcCR6V2deb88bttKI9O61BdjQGs0=":{"valueMac":{"type":"Buffer","data":"cWFubRkETueo9h1f2cCE6U7DGHgEFhPKwTR0+64Q1/o="}},"ZRANRc5mZREcPCjUqZOaXXhJIs9hE6TkcoAnoa4E/0o=":{"valueMac":{"type":"Buffer","data":"Qr5+S9X4v6sXZBaiVTw1wwgWRG4l6BPjQcbzzYaj2bg="}},"J9oc662MLDZf2P3lVJI7U08HpH7qm4IKSBKnjMVkKrY=":{"valueMac":{"type":"Buffer","data":"gt+hxsTUHPIw6X32K1aTHSrn8p67ZxR8iQ5PuYEYLKw="}},"10Ah4EPbVU231HQxJpGC3/yX4FJixcMLCReUehKQ83w=":{"valueMac":{"type":"Buffer","data":"V5LhD9eJJSAzNXIM/IMqaNm+Z4q7IhBujND9m0/8a9k="}},"B98U8W0AsNNUa2/47GuzAL6OwmjsZ/xLW3lgi9mr5cM=":{"valueMac":{"type":"Buffer","data":"wEcw4WDs0Is1LVPVrs8JMJIPZA/ZwJn/dfiGIahLadE="}},"aOLG+iJkRGrkXKlIJLvrBd7FgcrPSoIPYLoNl2AlRmE=":{"valueMac":{"type":"Buffer","data":"wUEczO8szRDgYRmcWjVuM4iIJyDtU08HSKFcnraTuTQ="}},"5mI4J3+o85Kvqk4ELiCuKNvhtx3rg/SDdrSqLzLo0EU=":{"valueMac":{"type":"Buffer","data":"w90wL7QbOSgttzl8FzAnfUdmOgFtgT1y9wyozC4INkM="}},"TkVxlGckD8a9gZ4azkohaZeeZqvDPZb1JLbsNRmW4Rw=":{"valueMac":{"type":"Buffer","data":"gEbf/egMTUATShi+vPx0eYpOzegPCRW7ZzQ/XHDao6k="}},"w8/4WoaOxyOKlT6DJWYzVg6DgXAvj33BGXzCHuvtU60=":{"valueMac":{"type":"Buffer","data":"0aM3q7A8mXbeXxuNhggnZIYkiY72quIpiCIJeymnd/Y="}},"kPmtNtwqTq6ppBBrNw8YwdyL5KsaivRDcbHvY3tXQzU=":{"valueMac":{"type":"Buffer","data":"sEzfR8DuJGhxW6Me1OY2XdVfNIhmIowlGqgwBaBWqPw="}},"Rq2rCIz85v9vCE5IVPmL9u+7ZCapOENpLLZ2FSvfkGQ=":{"valueMac":{"type":"Buffer","data":"R1rBi31Y8WILI34iQw6tZ/g3T2h270rKpSxD5DEZPFM="}},"Vmns+TlLdi0838sv7eex+zaskJxoAN7b8REX3r+9kCA=":{"valueMac":{"type":"Buffer","data":"74KkhFx6D9naeakK4Csoa5XKog3ITqWP4+8KQHS0hsk="}},"EcJev1FqCEAC+jizxGja3mxsydKRMUYzDUgWQYomv34=":{"valueMac":{"type":"Buffer","data":"B4LS+0GTc9N0JIIQvN7Oo0k9gGPFA8/FkFN0ZdUScxM="}},"niLIQU06qYKoJdoieiYVdRSLXTS6Ildn22l2DVpfNkE=":{"valueMac":{"type":"Buffer","data":"s/OpDkUvxLMPiu3u2W4Xa2C3DS8fvxkbFMECk/gdGho="}},"567VvpElpyklz/N+dIDJ2e5ccFabJMZdz5em2TScTRA=":{"valueMac":{"type":"Buffer","data":"ivqUdXLS/PkGfMa7j4q2ejPvef3IGPiSaMXv7Tn0K9g="}},"8FyoTApQ0E2G9Uc+uF750d/1pSxJTlFkkuCMn214Ntw=":{"valueMac":{"type":"Buffer","data":"p80cYCN9ZGde0E3K9azWXEZtFGWZfDcS19bqu44D+dc="}},"4uUlYPLOPIaYKK4q3F167D6+LxwRfrHT/NrzbK9xaJ8=":{"valueMac":{"type":"Buffer","data":"uRx4hEWlBKAKaWEAJrYrmf0JrzjqQRTCymiivRaaexU="}},"u8UtDgSWbt8J0wOSbuetRxhjDCltlyUH8WGYKCCBg+g=":{"valueMac":{"type":"Buffer","data":"WsHpAuTQSwIEmKKEC2rkSFOqRKPzorYdJEPO7AnmgLI="}},"pwVrKzSyp0KCs/DD+92FhIoUF8wjrBrf/DQ76Bed8Ko=":{"valueMac":{"type":"Buffer","data":"edcwAXI8S8sHE4xr0KMxDfn9XjjN3lPKDxg/eFADn1o="}},"NUq/bimrBD//csVY1/qK2ZYmBzkntmafcPR9uaoNv40=":{"valueMac":{"type":"Buffer","data":"MeqNFKXo7lqakiRogpAaxI9X+/qh3dhVs7LEXoc1wEU="}},"WlvGK8iox1Jwgmx5EetN4votLX48bXJZxCnxCXGVF20=":{"valueMac":{"type":"Buffer","data":"Olk47FMc88PcVuDpSuBz5ovNXgXDlKTMKf0dA+XaDug="}},"kQ1RtC8rd3I5o+310IEifdGoJZ8MDP1xs+IxWRVshAo=":{"valueMac":{"type":"Buffer","data":"iMX7KnUAxaZz7CnniCx1BuW712JycrqrCziiyxbZp5Q="}},"zxLzUfQOSpxx0COSq65To6Fz+XtCHNtP+6ky/fYN//s=":{"valueMac":{"type":"Buffer","data":"gcNqoNR0J98ofL7HEs0vB3YIZcsF45RamDilh0M6zYY="}},"0rb9I/7/gQhi06C35nIKYY0QvjSmsjNNWhnqVmOTSfg=":{"valueMac":{"type":"Buffer","data":"5qNATQKTJFTjH39mOTcPI9/3wy/YZOXr3Vyj25VxQhU="}},"YLWcdrE3oWwPApivH0rvW+8hiDtStoES8jwUqDFRhbo=":{"valueMac":{"type":"Buffer","data":"SRkN4hIiDg7ugYvygOpsDBFZtr7BbRdleArOTIxvL9o="}},"1C7JnXLddu4MgmUGiO2qCsMEtsnekvBNEgd/LLHnHUc=":{"valueMac":{"type":"Buffer","data":"l5CqafENfv37xasHNSDHC9lWjUsQQc8w5q2psZh0EzM="}},"RmTw6/meSO8KzErjPg+Den1qhqZcEdUF7R3qNIKCyjY=":{"valueMac":{"type":"Buffer","data":"6SuBMRYJeDuNefC9vrssudW2HoRMpIwM4fB8EmZKBvM="}},"5zThja6m5b7j/L0ewi5GkvIIbjjutg7jYS6eum4cjy0=":{"valueMac":{"type":"Buffer","data":"t34NlIlOWtLcuSn7ZtRkBF6OjVT5Z6NW0kC5R3rfHoE="}},"GoeVVyaP7E/fINYZu38CgzwjqC9RsLjf7p+K7V58Gu0=":{"valueMac":{"type":"Buffer","data":"uhNzQaLRyPHAocu8cxm3q5dBAUlt/+99G9xf0FDYQos="}},"dNredaBZ+Mn2TxDJpCLkjZmVx+YxxGpJmave12uF+PA=":{"valueMac":{"type":"Buffer","data":"vozv43gGlAfvdqHDebw68T56R5GXf8mvIBRHD8c/JUc="}},"GIX34N7PRgmMQIFwHmRgmjhvACW+/zdccmpwlOA7l6s=":{"valueMac":{"type":"Buffer","data":"8ZeY5zkf7OHdH0PGkyYm0YsRxF8KCkTwjhUjPnQHI/4="}},"YG1dmsiX2l2b5Gi/R4pgfFhO+skAOoG2G8KgNGnw8PI=":{"valueMac":{"type":"Buffer","data":"6vf286CnbnGlp01LOqFxg/30Kj+V2JzLhk5kWwTKE3A="}},"5IZV+mRji9LnLCjvoS4jSEMQNsF1gSC/rkv1uh2UwEM=":{"valueMac":{"type":"Buffer","data":"TmdSQqpbTQ/TU1vqD3h7RtRVrK40fEtcPppY8AsZA8E="}},"UHIec41V2puG9s1rHwe0jfiMXaAOKASpItvif38dCbA=":{"valueMac":{"type":"Buffer","data":"wn9nxexXyl2c5411/7B7U1PoaY4CgCnK2nd8zwEGUkM="}},"bcgJlXhkx1KRvEPsNdLPK6HvpjSXhnjNlcG/356Ssqc=":{"valueMac":{"type":"Buffer","data":"/wJmmwL1XrWCeGOzz8+QaAP+oLqVSQ69EzAPy44ATRw="}},"CQ1F/Ro29orQZrCkgvDbAY9YdMWxcvaKVVNA763mypY=":{"valueMac":{"type":"Buffer","data":"uUHGbTKtikB3+JQnNjf9APx3DyXJO1fst9bO/tMWCcY="}},"rTWUt+GgTPd0BVVaEJNb0lAlBKYqs6PzeLAEnXWwSes=":{"valueMac":{"type":"Buffer","data":"eYR1ADOAtBftR/x7TRpV4Yh4EW3j0URiy8RaTJd6OL4="}},"mx/qmxmIFC9Hhs6SyjN7ts+9ZJ82k1AnhrsFVYJ4fDU=":{"valueMac":{"type":"Buffer","data":"kxyKZyS79StFoYrW9nrM/lFcRtMUn4cQQ8YQGJCP4yc="}},"d0mpJgqPhz71Ogqv69Zdcn401fP1VpJHbGjEkUBLEuA=":{"valueMac":{"type":"Buffer","data":"GD+VwrEI/H+NV7VA62cHJldqjoqJlO/ZNsBzKOer0Dw="}},"2FxGfwcKpdoAc/sUBP/hHU1OHrlLqnbxanZdBhjrLtw=":{"valueMac":{"type":"Buffer","data":"zMrb31/Qc2aSrt2y4Zvt9r0VR0aUUmpYZliI+MkouVA="}},"UacgQ7thTjI53EVOOrNyPmarFmTysO2pMVwrDOMUYXg=":{"valueMac":{"type":"Buffer","data":"xcfu8/ppB6BWLZjhVXbwzsnIn2FC1ilK36bZIC69v7A="}},"rHDbYJ2SUMfouMpw35Z08VUF9bv+woB6U7V+8K/YuVc=":{"valueMac":{"type":"Buffer","data":"kWVP7cLScg9LmOJtxH8d4mZb/o/nLaWQGjS7nplVc5U="}},"qG6UDGAgIqwC4AkN+GiYfAe/ez4TzGZVFn3jpRdgHo8=":{"valueMac":{"type":"Buffer","data":"f80Oy8bUkLQ6ezQ9huotJpF8wiva3XPu6zoHcvqfeho="}},"VdzU4DWgS2ffvGBDOpQWW4HRQBsAvJxecimHHIiwOiU=":{"valueMac":{"type":"Buffer","data":"RS+pAqgUcfSgmWvnPiK8pyIvHJigBAmLSms12ItoMC4="}},"O8VPz9lvJdtmComprIFT2UFCxWUun2EgJZ7/Up30qkY=":{"valueMac":{"type":"Buffer","data":"73iT89zXr9XK0ZDpTfP6MjpklZFkAU2/EKroodf2kCA="}},"M8GXz4JigkRJtcuZrbxCJQHwEtfkp/X6MeVuk2lCxQ0=":{"valueMac":{"type":"Buffer","data":"AyvzCiNy4IRypgBG+PCCfflbkBa5bpov0hVuPD087VU="}},"incKjxmwF9AGiSlnkUeY+FwGIFP1/azeDoKU860PBnA=":{"valueMac":{"type":"Buffer","data":"8bn4QSfvBgQNbhffKqZaotUbpzcdeZNLG2BMykbZWj0="}},"Hwr3tGm77QaVM8P6xZUu2a93iqq2dgnq6tpR8kT7/Eg=":{"valueMac":{"type":"Buffer","data":"iyfErorJ9/2my8dXZFUPif25DSK6IKo5sesMADiq6b8="}},"v62M2UnOsuD355AsnvUFGm9vrahObygYwyilBOPhn6g=":{"valueMac":{"type":"Buffer","data":"UN0dds5yvf3C0+yEd5X1udk52FkayeBOORDpI/VOHIM="}},"bekHOx+cGlIwdINyWjFdF4DFt7GA/jEPQOZZa+sPSKg=":{"valueMac":{"type":"Buffer","data":"m++yQ8OQGmH+vfyF2MkIOHjY5W7gzuMj58C7jjh6GnM="}},"ke1LyehHY3LYxdvfr1PZNY3JnHOrADTadUe4VP5ZVjg=":{"valueMac":{"type":"Buffer","data":"R5Je2+XyBUoPgRUK2n77rTk3xhx0LL1b+EwpcFpfz0Q="}},"wITx8w2CF6I2ZsZfzBelqCYDWRLBNoyRU9BGd1TW5+8=":{"valueMac":{"type":"Buffer","data":"B0E8X6fHjut3P9Mh5Hy9/NOzr9Ik++Qa1Ku/O4mGqtU="}},"/4l1U681suAUzRnrpgexcCjRc+/3cfT1io92twRg7+w=":{"valueMac":{"type":"Buffer","data":"6MonLXcIPysiDjdwuoWW1vbevGZthwXmBfU5eE3Mm5U="}},"IPncGPxXwiC9LzNxR/uAq8yQAeMe3C/tjzn5gw4T5r4=":{"valueMac":{"type":"Buffer","data":"wXOEoRgIbNV/EK+bD0s/06fT+Xn308KDUsXt7Ynd27A="}},"IKnwE3UCf5inwVm33sdbpQ8/ZxidzdjT4Eci6iPdnVM=":{"valueMac":{"type":"Buffer","data":"HM7WCkSLRspJh2ReleZ3SFcWzA0GVuYd4sdlUKRq/rI="}},"8V8tL8E+5cWfbYNvoFF+bZOhYN4ZEHUuC2gcfrQ5ylc=":{"valueMac":{"type":"Buffer","data":"NMD8JOoCg+z2jdWt756oZkmA9Ycm/xMJfFdykGZAHZk="}},"biHC7gq+xoKSF/pOftnRDIon4ynKN5cs51evOP7iJW0=":{"valueMac":{"type":"Buffer","data":"KkfKG2BeaUkpucR+VRZJcOd/Vfbv0UW8xYStN6gwr+k="}},"9VUIFJvYGFupaMmHlOmUxcw2AlzHwykrrFwvHjIYOAQ=":{"valueMac":{"type":"Buffer","data":"gHtEHL1LlInLzuR4uzLiwna6Vyj3geo+mxw0GRxOhEU="}},"dqYm7WCFEiVHXZEED2ZVp5hBy24n9RndS/yz4WAgXk0=":{"valueMac":{"type":"Buffer","data":"NNZUTfHTQqkGF/sdUsC4AvndWmU+x7OTMv052J0Koxg="}},"pkmz74FMBdQbh9wEHa6PNp3ILiNO+LNjMk6IC8hIqls=":{"valueMac":{"type":"Buffer","data":"U0R0JMj72mIt2OB3/xU3N+tMi4+XK8AkalwcqjlwzRE="}},"J9CboNF+0BMfmpceJre4w0ZzK55chIgmFhwrhB684Ng=":{"valueMac":{"type":"Buffer","data":"ZRFBrl3I8FGpJf6C9BiaWIBl3Jpy9uhWoUQE1eq48yg="}},"f/XAjklrWC+bLx/A6J6kxe42+6QR7U7ZSg3MfdH0fm8=":{"valueMac":{"type":"Buffer","data":"QrSFaQQ04I9WUql8lSTgaDuSyi4rKRwinacO8fYz/4c="}},"FNO3SmcC6DZSuOLhxYmiNPwCCQqQUpEDcKINHNuzFJQ=":{"valueMac":{"type":"Buffer","data":"XcfQc6bfj3j6eOK+bxVWeDeaTClq0zbaNjXZ7YfQTVU="}},"74lyeps0fbxOrlkz+JQUKtWGK1GjukWk52f1tEwKngY=":{"valueMac":{"type":"Buffer","data":"TairtyyfSVwN6NVAxyngYzeNJDFvshiGvdcmF6zkfr4="}},"Pqr9VlN/8ie62w5n2ammJg4PpHJW2TDpte2NlafdB4A=":{"valueMac":{"type":"Buffer","data":"X+BKSnHWbaVQNLCajTH3qR/aRNPFA1vCnMQj/oxdwyM="}},"Ev7izD08QWFkGxdzrs+fJJcz0m3P0s+ZFfEcSbUXWFo=":{"valueMac":{"type":"Buffer","data":"ki3LLHnhsCkrooErC6pHXngZo6Wv6A1pMkXpmG+Yrak="}},"i7ob1879TS+ilPZEjkXMgaYOceexWZNLggcAhvilH6o=":{"valueMac":{"type":"Buffer","data":"lhkdWtI/rLws9++rfOTRFkd/krF0B/eXLyp34J4r58I="}},"WOcpu0ZA/qTYdp1CqsDSTxLa1I55G4tpa3ZqK5fUf3I=":{"valueMac":{"type":"Buffer","data":"FRKfrAf/utjZw4PzyJ5/U3mEMiqZn6DkbSn9bPdwSB0="}},"vAcTSULkBqoFiKpmmDzmlwwKCw7n+tVHWPjsCIT9NT0=":{"valueMac":{"type":"Buffer","data":"riNx4XQY9HqqwGRmT5HEh7Cf6ok3DLXKPoqRdKgO1KQ="}},"Z6njMqsC1NwlUgrOLE+38f2VuqFO2Qm9XOdc0FfDd/A=":{"valueMac":{"type":"Buffer","data":"fQmw5H/NwNQrRAqubL/jsUJQNXe1qVuZ6RXyYh3QFIY="}},"JoH+iYcHNJhXKMS2wGs9c63L/gzs2DOgB8N1RCFHfh8=":{"valueMac":{"type":"Buffer","data":"ay4euo5wm7lvSlizqJ0Vi0GcUHKCNFQvN4jiaNL7f8k="}},"fmYvOIz9wZBaukYiIFTO78VhisH9mQ4RY9YWbDy6wtE=":{"valueMac":{"type":"Buffer","data":"LOv4S1NMHgwXmnXsXOR2gCSFmxW2YBwi+7IzBtUWqVU="}},"lgFnA/KfXJJU8IbApMh9kfCqd1xiCArZ/57GXU3ayMw=":{"valueMac":{"type":"Buffer","data":"6wosI3LdY9jaDmUpBtejoduDTr5xR4an8+ed0w3AbAc="}},"PoEPm8XD/QlKLeWNqkqLDwTGKqAf840vtChShrs85CE=":{"valueMac":{"type":"Buffer","data":"4iT5+8ghKhb+278MNK0nYXO+EDxKhQPWyYmQtgXzCcY="}},"hyTerTGn3LLwENhont+3dsUXf9qPQmcvyn5PxpcdPoc=":{"valueMac":{"type":"Buffer","data":"7g9+GHhjAZxxBeowQsW0P8H5tPrhdBTZGWeafwlpOkc="}},"AoXS2gV/YhcledYnNICbqujEhO3vUQawlTGXOyTiaP8=":{"valueMac":{"type":"Buffer","data":"OxelY1GmZvScEQeoBTrZd2MA9FGob73lsVvaBHU7gHk="}},"vdZInTO46DBHhbTNfPnb54UEW3Fo97Mqnz3fXWeREJ4=":{"valueMac":{"type":"Buffer","data":"FEBkk37vc5F+DLqQr3Q00pPVAaTroZApNoY3ln0OwW8="}},"VDEAzT2g70XyWDQSK2AlE1T7Vh1w60czBEe2kFJgg3o=":{"valueMac":{"type":"Buffer","data":"6uRtAx0GXzzpjKNga1e2rwOyBhsxZHIDw3myG2c/w9U="}},"NxoARomZZkAO9U5+dD3GzZsivYTgDxHqYTkZi4l+PSE=":{"valueMac":{"type":"Buffer","data":"gLEkrrdgPC3IgOOlrhwwfdp1/K6j2pLaTf7rzK6ygkE="}},"q78ykTjaVdph9ZTmiSqQ+R0WlneqVoLfLQEVhX9cx54=":{"valueMac":{"type":"Buffer","data":"+aQNWexhJ7a52CLpPCTek8sBFzvZ3y2aizqE0GPqdJI="}},"ugOk+jqSyqrLt33Q1FsXaH0Lb7XQ9NUWc/rkkLvs3JY=":{"valueMac":{"type":"Buffer","data":"Ch+hD/lW7iebE0oOUhk7kd/RD2tkBzefGqqPmuiB4QA="}}}}