{"noiseKey":{"private":{"type":"Buffer","data":"4DrVhLRPKLZrn3Mla2wLkGJHRVWmai0qO3j8UYO0BHc="},"public":{"type":"Buffer","data":"Qb75skgzvZojQIYmCgBOHY4LYmAeNwG7uXlEi7/KvwU="}},"pairingEphemeralKeyPair":{"private":{"type":"Buffer","data":"6IndjozG4hDxjgjIasWZRPUQnkrjNClKFT+ACQ/AhU4="},"public":{"type":"Buffer","data":"Jn8f7oOlz3kA6erNhyf6VLRcx7uAykl0NUYTJv4x2X4="}},"signedIdentityKey":{"private":{"type":"Buffer","data":"0FDUXY5ioVQgE9bk1LFXqOEkLctTtaOLKLi9QymcSnw="},"public":{"type":"Buffer","data":"VQXzjCdJ4nKo8Up5sMh1y/76JECohyD9cPDgMiPA8lQ="}},"signedPreKey":{"keyPair":{"private":{"type":"Buffer","data":"2LGnwah2jM+AtxEG/Hpy9v10+A/khKr8VXI7sW7xt1Y="},"public":{"type":"Buffer","data":"Od2IZg6W1D1VpU0bWnhDPsabHqNBZm6i3ZDqmf1VHho="}},"signature":{"type":"Buffer","data":"dTnv47V2p88VPgy/x9lMW6FqDWxi4krN3y1ZewbaoyqkRK3lLAnYQyqE7e/2qvsUZkTE4fjAJ0J054OZcmDsAQ=="},"keyId":1},"registrationId":90,"advSecretKey":"A4fiZNBAkYU0rVc496QI7R/2X22oV67LDIEy6KrOEJE=","processedHistoryMessages":[],"nextPreKeyId":183,"firstUnuploadedPreKeyId":183,"accountSyncCounter":1,"accountSettings":{"unarchiveChats":false},"registered":false,"account":{"details":"COWj9ZoJEPPDicQGGAEgACgA","accountSignatureKey":"CwACsSj56NSsCrShnqVk5Ap1spgibAwCMuCTj4EjUBw=","accountSignature":"iZwFzOBSBerHl5LzNGKGy7MlUzW6syPyJ0h10Aeaw7Pbf2C7VHzhPnRf2X9EWVqyS9mfMtM7OvNSt8fa34JGiQ==","deviceSignature":"bj+qAiEFs0mTphW4U8hMslSeoJrYylHOfSnDny8S1/m3bMN2MVBtbOvcmLvsksPU9f/o6H3mEbC9e6iuTh0NCQ=="},"me":{"id":"233543328643:29@s.whatsapp.net","lid":"271347544494286:29@lid","name":"Fx Cobra X"},"signalIdentities":[{"identifier":{"name":"233543328643:29@s.whatsapp.net","deviceId":0},"identifierKey":{"type":"Buffer","data":"BQsAArEo+ejUrAq0oZ6lZOQKdbKYImwMAjLgk4+BI1Ac"}}],"platform":"iphone","routingInfo":{"type":"Buffer","data":"CBIIBQ=="},"lastAccountSyncTimestamp":1753376483,"lastPropHash":"nm3Bb","myAppStateKeyId":"AAAAACLA"}