[{"senderKeyId":319382382,"senderChainKey":{"iteration":2,"seed":"I7Y8PLLt3c9nr3SrlRmv6hTJJaHA6JaDvyP4aa8sfs4="},"senderSigningKey":{"public":"BU+dtIDycq087UBsKOpbHL3G6naUR0caf2NLg8p9k6x0"},"senderMessageKeys":[]},{"senderKeyId":747178722,"senderChainKey":{"iteration":2,"seed":"ExHWLXCNnIJRycYIaYn/fgaKeYCC3F0Lch6qi7Hkw+M="},"senderSigningKey":{"public":"BYfMQQ5F6h6zQCOFcz0N5jw9T4VGcKcwBDCJ35he8ZoS"},"senderMessageKeys":[]},{"senderKeyId":387625057,"senderChainKey":{"iteration":2,"seed":"6+lfghBhaz+s7z6EqJSMylaFYeLJmwmN1oAX5/bIbHg="},"senderSigningKey":{"public":"BVk8seao/1M35k1nqPSf+2PJbS9a9R05lLCh5uE6xXx6"},"senderMessageKeys":[]},{"senderKeyId":2070188399,"senderChainKey":{"iteration":1,"seed":"62JD81/Z1u9Cqg82A01D8QbBAzBA1xCvc8ykl8CH6vk="},"senderSigningKey":{"public":"BURHzEWWMfHY/nMvuAi8m1eC4eX4fBGn4TC+rXlJjbET"}}]