[{"senderKeyId":719245887,"senderChainKey":{"iteration":2,"seed":"UWy+XXxw/PFINHSSEzosngP3UQfWmPzR/cracyCkbS0="},"senderSigningKey":{"public":"BaNiMCQWr2o8cO3D8v5FpcwmiX4NqZQJ3xZbwWGa0iVi"},"senderMessageKeys":[]},{"senderKeyId":1672752601,"senderChainKey":{"iteration":3,"seed":"aUrjHzAdG76aCGZ5oyf5HoHyHM5zER8DBaibHbJeDLU="},"senderSigningKey":{"public":"BThrgbtEfjR841hEdg98ftC0vlIO3lVoJQ2+daUrG+JA"},"senderMessageKeys":[]},{"senderKeyId":101015041,"senderChainKey":{"iteration":3,"seed":"bF/Iz3ek9yJGGxNCA5ORKwBiZs1YA1Pvbl3ouIXnFos="},"senderSigningKey":{"public":"BXMGmqad2z6DQHnxxZvZ998tiPRzerbgL7IrqkOSS6Nt"}},{"senderKeyId":1113041171,"senderChainKey":{"iteration":1,"seed":"eNCNWbnnuliuyGhTlYTid8r51oJ019TbhCSxHeoYXQ8="},"senderSigningKey":{"public":"BYxsnGIlTQPz2uHdSAcUav0qiFx9sHPN9LZ40H8Urstr"}},{"senderKeyId":2051284864,"senderChainKey":{"iteration":1,"seed":"hcfu4xxg96PKXtLC2ZNK8fmXQFJzrNd1fktuIXML26Y="},"senderSigningKey":{"public":"BWTGsRhPQPYw6w4yxf2uBoXBbqT5in3pSCnT2/XUtFYU"}}]