[{"senderKeyId":1145647965,"senderChainKey":{"iteration":20,"seed":"kAuHeBKztltKXYwI4bmqbTWae056TcLPsCna9p7D9rs="},"senderSigningKey":{"public":"BbVRgjRaBG6TDe5CCpmFohLb0Xi5oEd6lZxxy8q9cNM7"},"senderMessageKeys":[]},{"senderKeyId":1324407595,"senderChainKey":{"iteration":1,"seed":"+f2TtLJ2dp0JzfBbyR+KbkZ8k5Lw2Dje4a4nlUhZkZE="},"senderSigningKey":{"public":"BeW0x7g8Cc75WUSuh6/Xyw3KrC0nz8utg0MXO1yKXk1V"},"senderMessageKeys":[]},{"senderKeyId":1532006664,"senderChainKey":{"iteration":1,"seed":"OiilybQNELwsvdkshWMSYQHByPmq9bk5W2Nb1tXBOYA="},"senderSigningKey":{"public":"Bb4AEiIfdMIjQRF7uPcNBoIIgKpGqFANzxVeEj1inpxQ"},"senderMessageKeys":[]},{"senderKeyId":584760470,"senderChainKey":{"iteration":6,"seed":"eFwNCp2h72xVny4qSqukHKq0h0yRiP4CXd4YL7/mnAs="},"senderSigningKey":{"public":"BctDoNWWaBwAvfmRHwe1qLEhvbEIr8q4yr2GqGhLNghe"}},{"senderKeyId":240398492,"senderChainKey":{"iteration":18,"seed":"TroSr0rZGzJujXkGNCBWri8vJl3sjMf2Ho6i9QC/mpk="},"senderSigningKey":{"public":"BXBY3u3W1XFoEULiUSr7lde1VNhWZ+gznHOX4ZFQgHFL"}}]