[{"senderKeyId":289140287,"senderChainKey":{"iteration":1,"seed":"l8R4jh2YyarttYHxLHyJy5Xg4U/ubMN888VR+prCVQ8="},"senderSigningKey":{"public":"BTXvMvagkDrqWzN5GkqzTDbR9zXerAIXoOjcbAYvKJpE"}},{"senderKeyId":1105433289,"senderChainKey":{"iteration":10,"seed":"Od69dZuk1PvbjWsIBBXVGi0eGU23H/WIc3Z+HPt2/XY="},"senderSigningKey":{"public":"BUEJwBQ5a0IcMdkOerRQiiPxh+2hxq6YTftxd6RqWOMo"}},{"senderKeyId":1061329481,"senderChainKey":{"iteration":4,"seed":"GbkMgeqPUtMuT7jBoHKGz0IdD2FiypjVuATZACRXX4Y="},"senderSigningKey":{"public":"BY9p1b8+X+/5Dz1vXHnQvx+n0Zeqp6ENLIZdPRuOYZ91"},"senderMessageKeys":[{"iteration":1,"seed":"Uk0qbI6nhQDVjcSJe9P2bPjAv7MSAOR6t289I7HI7XA="},{"iteration":2,"seed":"j5Q4W59NDbeGW2h2AodZe3tMDcbVHH64SIYANx5GyWo="}]},{"senderKeyId":1061329481,"senderChainKey":{"iteration":3,"seed":"rI5NsshsDIWeAbofblpq1K3TdF1dV95Q5H9ln3qau8E="},"senderSigningKey":{"public":"BY9p1b8+X+/5Dz1vXHnQvx+n0Zeqp6ENLIZdPRuOYZ91"}},{"senderKeyId":1130279357,"senderChainKey":{"iteration":2,"seed":"vj6nbBcMxp32Kv9eR52M0wuVIIT2xWo/yncli/5zjqo="},"senderSigningKey":{"public":"BRF0li1RSkXNf9sXkTWywjpvjVU+mQo/TuBSENGAe39Z"}}]