[{"senderKeyId":2090760231,"senderChainKey":{"iteration":4,"seed":"mtL3Cnggse+aRzQSk88WUHLxRrZQXixYKC2jLxxRsxI="},"senderSigningKey":{"public":"BZDFWbWyruM32O4VxYfmcM9nD/dXWFXRT50kCmzjcx1o"},"senderMessageKeys":[]},{"senderKeyId":2090760231,"senderChainKey":{"iteration":1,"seed":"/qbzfz6mcFELOsT12I6rDe00foEGFAKNJtbzYLDnhqo="},"senderSigningKey":{"public":"BZDFWbWyruM32O4VxYfmcM9nD/dXWFXRT50kCmzjcx1o"},"senderMessageKeys":[]},{"senderKeyId":2090760231,"senderChainKey":{"iteration":2,"seed":"N4DNRLJfCg+lB3KgcBT6BHdFonit20AGoqxvoSE685E="},"senderSigningKey":{"public":"BZDFWbWyruM32O4VxYfmcM9nD/dXWFXRT50kCmzjcx1o"},"senderMessageKeys":[]},{"senderKeyId":1429285290,"senderChainKey":{"iteration":1,"seed":"npIulyTKy9+KORpkTNzM0QAqdorYsR0rg+jpR1/u8Zk="},"senderSigningKey":{"public":"BbC+BTvAzykj08zg6pgjmiM8oYMG19oQUsLAO5E5hGJ1"}},{"senderKeyId":966892214,"senderChainKey":{"iteration":1,"seed":"eXrq0svlFckA4NNNXUMp3KovZBtYTnq9JYETlEnnfQE="},"senderSigningKey":{"public":"BeMCbiWeLjdXWA60Yprumm1QiXpd2fY+H/+sY27ytHgz"}}]