[{"senderKeyId":293744966,"senderChainKey":{"iteration":1,"seed":"gACcmcTyccIXPm+pQahMhS8xNDbGA1aJ4Ih+ZYOKEDo="},"senderSigningKey":{"public":"BVQlrirXFa4B650H4WhBOCTQAK4S9ERDFLs3vA1Qldd1"},"senderMessageKeys":[]},{"senderKeyId":2010723463,"senderChainKey":{"iteration":2,"seed":"X7BtIkoyhEGtKpnI32bAe7ZDCzKI62xUX6O91zR2LOs="},"senderSigningKey":{"public":"BRoR5f8Ea2ae3hVEIAB5O+JkjfJLlPCcK66bmwCLpg93"},"senderMessageKeys":[]},{"senderKeyId":807687416,"senderChainKey":{"iteration":2,"seed":"UMAJNmPDqIozxr2EExktDz+61jhgqJKjzl6pSEuOojg="},"senderSigningKey":{"public":"BU8iSt80h2cCdaMh0cqMYy17FzLi5pAqKLykEX1eupkF"}}]