[{"senderKeyId":1306696144,"senderChainKey":{"iteration":2,"seed":"JfYmDR2AZjX1OTYPLPFfPcTprc4LeAWnl2UO0+a1+xI="},"senderSigningKey":{"public":"BXNIT9QNYkGfCnL4xWEVvejSrC8qVOgCqE9EpD0sb0k3"}},{"senderKeyId":2113689554,"senderChainKey":{"iteration":5,"seed":"BJxOr6BEtIo9OLIdAD43UcV7mxguBbqFX9m3qA0QqEQ="},"senderSigningKey":{"public":"BcAviNHF1bYzozLxrt1yDM0KfkZNN+OXloqKsBp3gntE"}},{"senderKeyId":1807997246,"senderChainKey":{"iteration":3,"seed":"mxV7u8tdgD5Av1qoI5CcK0bxPqcUiO3NMuevQhz2voc="},"senderSigningKey":{"public":"Bc5Y7bDZNGF/TvJcNvvBOOiHdUtNJuDBucJ1tdzhTtM0"}},{"senderKeyId":392288640,"senderChainKey":{"iteration":1,"seed":"aGlkRm5aoosCPvcGigADkQdTh6VceUI3iNDn2/Mu/tg="},"senderSigningKey":{"public":"BalYWby21ZvvFNfXeUYrP0qCBdiqqb0AEpaGCnOZ9CAM"}},{"senderKeyId":1405774052,"senderChainKey":{"iteration":1,"seed":"yrdq43MzpBn4JTfb/aEU5Q3CDFbsj8N7TJ++gvsGtsI="},"senderSigningKey":{"public":"BVPDd2EMUt6qWlfBbUhTggrdYkKCYGI+6SrDl6y69yx5"}}]