[{"senderKeyId":1748269408,"senderChainKey":{"iteration":2,"seed":"d+7qt3glDIce+c1FujXO/nPO6bzm0xtHYdOXDfP+A5Y="},"senderSigningKey":{"public":"BbIJkuFtna8+YmT55zBA7qpEvkxd8AuS4hi0gYysKzE9"},"senderMessageKeys":[]},{"senderKeyId":1404254373,"senderChainKey":{"iteration":1,"seed":"S4tD7SFnf1uKwXXsfaSEebDk/KWNtqT6fZBAtlL+ImQ="},"senderSigningKey":{"public":"BatHL3/Z6ei7LmPOyhmthhBXRpoh9Ov3n3bkCGb9eRYE"},"senderMessageKeys":[]},{"senderKeyId":2057672203,"senderChainKey":{"iteration":1,"seed":"mmXhioPKSRgyPM22DliGP8KgCaibgNp3icvVdkjAWsM="},"senderSigningKey":{"public":"BTKbhqXixzf5PDqp3T54pJSc99/8IEpyyH3cr6qCbzF0"},"senderMessageKeys":[]},{"senderKeyId":877319232,"senderChainKey":{"iteration":6,"seed":"6upUeGFiSDEwZBpwpqd4htd+eu4wbi5UsQUzTw3O25k="},"senderSigningKey":{"public":"BStdPuh48sL+g9/CajW9EBGutiomAfpwTiSUoUTSxqgM"}},{"senderKeyId":937584576,"senderChainKey":{"iteration":3,"seed":"h1wE8Q737sCNLnj/Q7CBBCPxhPoMp9P2vT4lJv+OsHA="},"senderSigningKey":{"public":"BTYcJHA0p1mjQtCf/LpitcsOc+ZIrZSaMp7jvnEhz55r"}}]