[{"senderKeyId":445803282,"senderChainKey":{"iteration":1,"seed":"8KyK5RVRb+VySAVjRKGi0pesw+Y7HrPsNbwy3TDMwyI="},"senderSigningKey":{"public":"BTkIj0FBAxvMMY+BW0V5XQxmYmI2o9rt4y+o9YBenEpD"},"senderMessageKeys":[]},{"senderKeyId":1082054397,"senderChainKey":{"iteration":2,"seed":"7mvbAMrT+zrzsLaUDSjhs0ATPLtnHoiX5JCbndFVonc="},"senderSigningKey":{"public":"BeGOmeWLbM1+dNfmigVKee7HWCkvtNqWSjG1ijL4t2tH"}},{"senderKeyId":1170989894,"senderChainKey":{"iteration":2,"seed":"ptWFfN33gPceOnyxQsamsA5piJGCfwz3SaH6ub9v2FA="},"senderSigningKey":{"public":"BfapFyxtmH0I79lfmqCJQ7gLyk/J7upxtil5UKC7I58/"}}]