[{"senderKeyId":1552992124,"senderChainKey":{"iteration":11,"seed":"yBm4iau8NWYbRJw+cX20cMsHvs0DN7jv/IuPtd4HRSM="},"senderSigningKey":{"public":"Bd12yWoPOXtMJolHL2IY+FOleGrrkSeOJmzH91CMnNIe"},"senderMessageKeys":[]},{"senderKeyId":1578520079,"senderChainKey":{"iteration":8,"seed":"hyFWmzZm5OAqYCfaThqWD5r1i6aVKXsSDpN8aUviLeM="},"senderSigningKey":{"public":"BexKCCvHchacPwxrZdoW27a2MyuKs3YYJzf8zr8hQ44u"},"senderMessageKeys":[]},{"senderKeyId":1967966541,"senderChainKey":{"iteration":2,"seed":"aQeQDV+A/JedrLhuV8bDZIdTZrxK1E+3KXzU3rnQVwU="},"senderSigningKey":{"public":"BdK9Gs2cBNhen4rJa6WbmprReGFmfzXRHhnxfpu13ech"}}]