[{"senderKeyId":1660890429,"senderChainKey":{"iteration":13,"seed":"8N89BK8JepzJDSrvX4j0XAadPQ3i3u2evR/ngfEczQc="},"senderSigningKey":{"public":"BZqGqw95sv5fagjGcWpuPqFtnUo2vs/30URl1xH+uDVR"},"senderMessageKeys":[]},{"senderKeyId":784616008,"senderChainKey":{"iteration":1,"seed":"NOB9OhLPgTIGdEZbG2vjK0GYMBdzjiLMvpwm+5qNl9Y="},"senderSigningKey":{"public":"BWOu5FQkizt46Y9Fs7UIPxp4+ymqTUdpy6BwBz+9pVwp"},"senderMessageKeys":[]},{"senderKeyId":1157956363,"senderChainKey":{"iteration":2,"seed":"Vj8Sgaemvz/INW9Y3K3Z/RBpZzijqiTb18zzdlqq8oY="},"senderSigningKey":{"public":"BZaAl7RWQPazpk57tIp5ieJ5zFVTspRfNs44aSKMJY0N"}},{"senderKeyId":168560910,"senderChainKey":{"iteration":2,"seed":"YZvXwbiCJbQAIKCr11hx8/hjBoTgpGoYB8EhHumBanc="},"senderSigningKey":{"public":"BfzLeYKQ81k4Gub6+GnCHzGrb7CckGPTN57JaWJKOBcj"}},{"senderKeyId":1844144153,"senderChainKey":{"iteration":3,"seed":"r2AWkalMrBcBvyZDZi36irHVObBMSkj/sEjKoyCdkv8="},"senderSigningKey":{"public":"BSkCqNwEJ8jw7NZv3byzuka248+Gbwxf7wzLYYmyf4oE"}}]