[{"senderKeyId":2054004799,"senderChainKey":{"iteration":1,"seed":"VAaOQ24o79rypy3F6jKtlShv/o2qEo09kG8issLDjzw="},"senderSigningKey":{"public":"BVnx3nXIp+jp38tlivCeiXHYittLdZq3RWQSuOjFRPMx"},"senderMessageKeys":[]},{"senderKeyId":1054524126,"senderChainKey":{"iteration":1,"seed":"Tt+Y24iR5EnfOBAo2hBSUvOe7ivdcI/sV49ZFkKu7QM="},"senderSigningKey":{"public":"BYmk+GWI6fVIdNDzI0BhvSFmIzPGlxjgCO+VPdKp0NBC"},"senderMessageKeys":[]},{"senderKeyId":1211190345,"senderChainKey":{"iteration":1,"seed":"e3y2xzfoYC9eFKihaEmDXL/79TI/k8eZr9X+wEfBD9U="},"senderSigningKey":{"public":"BS6ZPUBEejcw/g2f0HkqNgPpr84XZxzAVEz5kua7fhA1"}},{"senderKeyId":1027928615,"senderChainKey":{"iteration":1,"seed":"hAlRVQofyHxIHQ23mbXtZgyI0lRga60HIIyHj2RNZMk="},"senderSigningKey":{"public":"BUTzYJN/v2b+7yqwPREi2MjrE0PfTIwUPiR3boCixk9x"}}]