[{"senderKeyId":1364928593,"senderChainKey":{"iteration":7,"seed":"1SSBVS0DMcXF3ymrSSNUvMCaD6GSS6UlCiVvgZ9YXUo="},"senderSigningKey":{"public":"BbiIgllFUXmVRdzCJJuqBNAiJVrb0kih7PEJbw7QCDxe"},"senderMessageKeys":[]},{"senderKeyId":1108850669,"senderChainKey":{"iteration":14,"seed":"3hGR5RR6jOtzmxEC6gjGAoHCbiWWwQ1moK8ula32ZoE="},"senderSigningKey":{"public":"BeVu6xDgYwCjDUcuKGrmiwJqfnjzU2OGzVswjCTiWjFu"}},{"senderKeyId":678183495,"senderChainKey":{"iteration":15,"seed":"QF3ppJGNoSDfxlr7ALpY+MwODCY6xFYIhwo+43FKp8o="},"senderSigningKey":{"public":"Begbwv2p3OFCYrQWiSx7NbqUNiN1khU6zizRzfGiSjFX"}}]