[{"senderKeyId":471550859,"senderChainKey":{"iteration":14,"seed":"tUUs4CWD3E4Tvrd3DcXVBGX8s87iuKcu5UPqeU9Yros="},"senderSigningKey":{"public":"Bci40m4PA/TE0+qh9ecUJCt4R8+RGNYiJ4Q3mDI7WoJx"},"senderMessageKeys":[]},{"senderKeyId":1091886673,"senderChainKey":{"iteration":2,"seed":"ezMdIUxFT8Qd9sLyNUNhbeD0ScVZNcj70UV+TGq3q/0="},"senderSigningKey":{"public":"BQK1CgPWFHKvUIXnItCjRuWbXl0Y4gPkmpRetr60Mi13"}},{"senderKeyId":829108014,"senderChainKey":{"iteration":20,"seed":"2/63LCCE/4HybX9KCCXRZbUDvmt/N9DryaeqzEXroqM="},"senderSigningKey":{"public":"BcjjYmsxWMBdO4ADupYgAe/mZBhSaD6wrb0MiksYXdNV"}},{"senderKeyId":829108014,"senderChainKey":{"iteration":7,"seed":"Pms74aCLptQIlAuYIsu82PVORh+UpNH4v85P3S0heNE="},"senderSigningKey":{"public":"BcjjYmsxWMBdO4ADupYgAe/mZBhSaD6wrb0MiksYXdNV"}}]