[{"senderKeyId":1143681273,"senderChainKey":{"iteration":7,"seed":"7lLm8R9Lk/PlYbSBxxCoO6pOjq93mVlOElrEjYLMyEU="},"senderSigningKey":{"public":"BdBojrORzJpXE1Zt/HlaIaphVZuRbBWlG7jiVwB6e1lD"},"senderMessageKeys":[]},{"senderKeyId":1143681273,"senderChainKey":{"iteration":1,"seed":"v4vn5hDOfCuYIRXEB1R0J51jzbDI9aIdSLcldG1DcZA="},"senderSigningKey":{"public":"BdBojrORzJpXE1Zt/HlaIaphVZuRbBWlG7jiVwB6e1lD"},"senderMessageKeys":[]},{"senderKeyId":321078467,"senderChainKey":{"iteration":6,"seed":"xudGpbhom0SYHCwaPVLwwRcPC37UGM044M8W3x0mezo="},"senderSigningKey":{"public":"Bcc00FxmtH/was/uDbwaL027VkCtQ9RbEscIRcDVYdtr"},"senderMessageKeys":[]},{"senderKeyId":321078467,"senderChainKey":{"iteration":1,"seed":"AxRGbB7eF0jZo+bL/D8noZbf3dQoDpuqm/m7CXUenjk="},"senderSigningKey":{"public":"Bcc00FxmtH/was/uDbwaL027VkCtQ9RbEscIRcDVYdtr"}},{"senderKeyId":1990688858,"senderChainKey":{"iteration":2,"seed":"4SBUlTcUvWc3M07iPTQj48geR9avx48q8gdGe68RyT8="},"senderSigningKey":{"public":"BUBPLcJ6usDeorhK5Y0TE5fmtnzwzJYGXAsEKx/ky98D"}}]