[{"senderKeyId":1885722924,"senderChainKey":{"iteration":1,"seed":"vesQZn+y6ejQzWcmTgkwEOIh7N08zUATogZyTyKJ9E4="},"senderSigningKey":{"public":"BZnK00TRIVl8Pfpu5Fyg6ApFtaoiGqIVxhn7F9pTzglI"},"senderMessageKeys":[]},{"senderKeyId":742849416,"senderChainKey":{"iteration":6,"seed":"4d5FdPNyVc+nWvP9hpaqY1FmdDYDnSAaxt40PtXp2d4="},"senderSigningKey":{"public":"BcUouFMMOadDHVnoI5QSptZUy/20sIMku+vvqFoHpcYK"}},{"senderKeyId":1471900758,"senderChainKey":{"iteration":2,"seed":"GVjJ1H3uYNDo57xlFCcrheLo7Zjc22dB+bhGB5KE+uc="},"senderSigningKey":{"public":"BYxXMHTdl36aR0SAUMYSDlJadonWpyMyHTotbWU3ArIh"}},{"senderKeyId":21028968,"senderChainKey":{"iteration":3,"seed":"2oadxiBKVimjM/omCYnFah6P0Ex4Uet5roxUFKp2Zlc="},"senderSigningKey":{"public":"BXvZIydPxLIwDCUnrrwGKx6UhxzQpK5Upl8TMfjNT74o"}},{"senderKeyId":306853676,"senderChainKey":{"iteration":4,"seed":"5iND16y36EaXipuGfQv/moYE8VZH/d5Hiz1Aff7mwJw="},"senderSigningKey":{"public":"BQ+smLSX+Hw+cZTK1heWc1Exh27ySU8NEzMO9/8YIllh"}}]