[{"senderKeyId":2068864869,"senderChainKey":{"iteration":2,"seed":"y/2DyHxfQC+v8kygzdE1viEprnwWzlG5tjyEnuWHmfU="},"senderSigningKey":{"public":"BUvN+rgeHsy7IpHEs+6SHKENyuQG7q96TsafGXA2VZYl"},"senderMessageKeys":[]},{"senderKeyId":495534204,"senderChainKey":{"iteration":3,"seed":"44neuB07MF9fsbWM+NNjrNRkc4wPH6F/PRTAPjEgcl0="},"senderSigningKey":{"public":"Bald0ibHxonPd/FevQyAWQuPBudKyhQ/i/f9OXbHdYhq"},"senderMessageKeys":[]},{"senderKeyId":948061480,"senderChainKey":{"iteration":2,"seed":"bZzHDEBl9xTUBGbXbj90EWYXtdl0ce6LdiXrXihMamY="},"senderSigningKey":{"public":"BdkkWdKf+peBtzyJjge0dlgifMzAvZqgQxfbElLRURFh"},"senderMessageKeys":[]},{"senderKeyId":2076270369,"senderChainKey":{"iteration":1,"seed":"QOfy+GmjgIGL9b8LxhmQPWz5FxaJznIRMuTgqXmmRfY="},"senderSigningKey":{"public":"BfkucTA8O5nSD0+XRYyNkbajWIDXG4ZmZwtvT0c3cM9W"},"senderMessageKeys":[]},{"senderKeyId":876381253,"senderChainKey":{"iteration":2,"seed":"DPW8iGz1KzrXos7eH/KC6Qn0T0NGGE8gNZ38JANQS48="},"senderSigningKey":{"public":"BSyp5wakgaYj/1sOlEKmdwyT8VNLNqz2z30V2nyoUuY/"}}]