[{"senderKeyId":1506902481,"senderChainKey":{"iteration":1,"seed":"BmuZVGWZ5IyIWKcf9rKdOtF1OvXVdFSJAc4mjdxiEok="},"senderSigningKey":{"public":"BQcAA250GbtgTZ3O5hsDhoAnhx6NKgqI3CukT1L8Qd8s"},"senderMessageKeys":[]},{"senderKeyId":615291671,"senderChainKey":{"iteration":1,"seed":"knKJ58JxS72WhP5v9QJMt3JW8P98Ts3xaCiHi/DlLqA="},"senderSigningKey":{"public":"BRFq0A6hGF1MwzncOsmFc1u5XZmZiX/pb/59BD931GdB"},"senderMessageKeys":[]},{"senderKeyId":472539543,"senderChainKey":{"iteration":8,"seed":"gBNkMJCI1OMakzPkpA9D7AXi+JZ4xDLJD2I3+YjHTaA="},"senderSigningKey":{"public":"BefP7hJdwCKgrzgdZIlYmGKbW48be72FnlPyCZb4Z55n"},"senderMessageKeys":[]}]