[{"senderKeyId":256221936,"senderChainKey":{"iteration":4,"seed":"FEXQMXQCNzmmEoeq6j/o8rFiIrv8PlfavppAaMmgwLU="},"senderSigningKey":{"public":"BXj/7SwHL+ta98p+mbacMoNpPRATb2InBV1HTiPbh8YH"},"senderMessageKeys":[]},{"senderKeyId":256221936,"senderChainKey":{"iteration":1,"seed":"dJqfRREWebb9F6dAWeZ5XYcwiqILgqHKqNwRzdsHlnI="},"senderSigningKey":{"public":"BXj/7SwHL+ta98p+mbacMoNpPRATb2InBV1HTiPbh8YH"},"senderMessageKeys":[]},{"senderKeyId":533473480,"senderChainKey":{"iteration":4,"seed":"wkFSUxHZNgFZrK6iskeMHMzn3KOBLZenRymsMyLCIcI="},"senderSigningKey":{"public":"BVtOXLf9XsjCU0ZWwmxaTZx0GaxywL7ehT3bDznFDVYK"},"senderMessageKeys":[]},{"senderKeyId":474661566,"senderChainKey":{"iteration":2,"seed":"zs2wUuAoLI9smiQ6vXtclF5mICQbcYN5iQy0yhgbXFg="},"senderSigningKey":{"public":"BYcez40UeoGF2a1TQW53AUIVxk5mHHsaSNoUqUFBNLAm"}}]