[{"senderKeyId":178982862,"senderChainKey":{"iteration":2,"seed":"T50itUZcOcS6T2CrOyu+0essYzr40dCRCsLt5MgR3Hg="},"senderSigningKey":{"public":"BZqFnbenxaPD+pnz3L1QaROFZaQR3GK3fIyCSGbJl/gR"},"senderMessageKeys":[]},{"senderKeyId":678548426,"senderChainKey":{"iteration":1,"seed":"4fDnYpnVG+lvN1W4dknmcCjmsGKjxENiRkd5VYfXeXE="},"senderSigningKey":{"public":"Bac1R0x1OBEc+L5CYLD4DdtPM1h8+lsd599v61wSGjxB"},"senderMessageKeys":[]},{"senderKeyId":197784231,"senderChainKey":{"iteration":2,"seed":"Oz6tLBPClLCFNE2XyVUgp0uaD4+eiPtrYwE0ZEx7yMQ="},"senderSigningKey":{"public":"BYI1qZRVY8/tNUmdgFSIBpAtABAr3Uf63IF+8f0ilgAU"}}]