[{"senderKeyId":2141112891,"senderChainKey":{"iteration":1,"seed":"WJlxQXpVIRGBzYN7H2Zpw4xDgRxTg/Vr1BdKWXC26EQ="},"senderSigningKey":{"public":"Bb8e3TS0QmIYDIxCwueUIXAu7vWc3PKtrs2j18mni/Ya"},"senderMessageKeys":[]},{"senderKeyId":1968608607,"senderChainKey":{"iteration":1,"seed":"17UW4F6Rb/WTGxTme6VIAlp2K2GTIFctfmRYZryAkD0="},"senderSigningKey":{"public":"BZUn4zowE6yqcAzYNjYewJ0lxrio+UJGgEH8HbD2ENwJ"},"senderMessageKeys":[]},{"senderKeyId":2039268984,"senderChainKey":{"iteration":1,"seed":"mFPccPjPhwDIM8eVbsdrkIry3OV7Dk1mD7mGPe5MAa4="},"senderSigningKey":{"public":"BZk4wroPJugBrBK0QC85PTWX5RjXnBMw9RcM9c6EOO4x"},"senderMessageKeys":[]},{"senderKeyId":1736676851,"senderChainKey":{"iteration":1,"seed":"vdEKeUleSqdn6SXWNycWwbIbTcYnm/+YPdg35I8pwaw="},"senderSigningKey":{"public":"BYzF6b/8X6GRCK7cEgdzPQZA7bnHMMPAyUuyu0C2ZJk9"}}]