[{"senderKeyId":906636188,"senderChainKey":{"iteration":1,"seed":"kpaOyElGgwdm0x9UGIVocfML2h8Pp1pyPprRvsBrxGE="},"senderSigningKey":{"public":"BdE2JybDyQUfg6dgo9d1Z3eZRcn3zqZEJW8jV5BL3T4c"},"senderMessageKeys":[]},{"senderKeyId":108562857,"senderChainKey":{"iteration":1,"seed":"XiJZtXH9Bp0KsZdJEKNfHUbg13IRTg1xeQ+OStfEGYo="},"senderSigningKey":{"public":"Be3Er18TNGDSMyjHRYXM44WwyMxvVuR4nSggszHw0MkM"},"senderMessageKeys":[]},{"senderKeyId":521218783,"senderChainKey":{"iteration":2,"seed":"yXlQqAgydO79YTJa5ZsFhbSuIIbvRN+gRbD0uBSY9Bg="},"senderSigningKey":{"public":"BSzMuaEqqoPCYvix5QpPl2EDPMdck38fz83tgz60HXlp"},"senderMessageKeys":[]}]