[{"senderKeyId":788728142,"senderChainKey":{"iteration":7,"seed":"bLwHvWNrqcGeLILZRNx+C89U1ZJAAWyZj4qpkf0ndw4="},"senderSigningKey":{"public":"BbuMaJynHAbVGHEXNZYLaN/1m9Id+Ha73z4JCfgHmlR/"}},{"senderKeyId":974280857,"senderChainKey":{"iteration":4,"seed":"fHqYmrN1iwt7MHOY/FatqXVtU9b/gHDtkYeevLGfY+A="},"senderSigningKey":{"public":"Bd+sh5EBq288U1BeHWPqW2g0S7AkqLvRuLpkdzh/pL5W"}},{"senderKeyId":974280857,"senderChainKey":{"iteration":1,"seed":"17zlQTo+pknUGAI7bKM7zyWaXc2fP0Tlo44GmXIzh9o="},"senderSigningKey":{"public":"Bd+sh5EBq288U1BeHWPqW2g0S7AkqLvRuLpkdzh/pL5W"}}]