[{"senderKeyId":323365208,"senderChainKey":{"iteration":73,"seed":"uAlpJCwWgY+tB4M1Wk/i/xh9nK5xEU/7fpIY2PlQ1NY="},"senderSigningKey":{"public":"BWHO7Z5/3REX+Sd6wQQ0b/sf3rGmxlgFG5JbP/huYvIJ"},"senderMessageKeys":[]},{"senderKeyId":79031542,"senderChainKey":{"iteration":13,"seed":"eupmVzBDYVb2DOEDMDOmpDUECgUb4eVKS/i/KlRR4fc="},"senderSigningKey":{"public":"BWfLCfbYAuDTZHZGsoGc0izYwnjkvDcZwmWQFa0zK6hX"},"senderMessageKeys":[{"iteration":4,"seed":"NbZ4fPTuFuKjK/SRLRLSGhqlBsTmb+fzygL8pWDV1Dk="},{"iteration":11,"seed":"CYIFHdB7LuG0lmERdYuzgAXLnJHW3D5eFRoSYhpYXsk="}]},{"senderKeyId":1642783112,"senderChainKey":{"iteration":3,"seed":"vUq21wsfVmkBL3XBF4SyeuXcnUxjnoUZUtSgXN6Zr08="},"senderSigningKey":{"public":"BUZSRFsxKpAuS8bzkk/1MlqvVcedByVVzNqZTkaLcpEZ"},"senderMessageKeys":[]},{"senderKeyId":1659738520,"senderChainKey":{"iteration":7,"seed":"aPZLNR51OnyeeIGoexmVHcGjrOpR/cK3pIRskgiBqUA="},"senderSigningKey":{"public":"BdXYdjorqcs0A4ihC5luQrxTZdH5mO7SFB7fx6BR+Coz"}},{"senderKeyId":414632750,"senderChainKey":{"iteration":18,"seed":"BFc+ZFQoGare9+BBMy0YeDC3ZSRwrf8ABn4WOwh8G0c="},"senderSigningKey":{"public":"BbrNuJPgz9DWyb5xL0TLWvp4zrgZgNWJ5NMhpQ6DZOAr"}}]