[{"senderKeyId":1048116579,"senderChainKey":{"iteration":8,"seed":"aOsPCwpbOppUCxvfLEwX6C7kg2NvWkSMW8xPOnwtqcs="},"senderSigningKey":{"public":"BZA4AEo12ci2c2pEfrQ5ZCBO5UQVvTN9S7+cN/GKShdC"},"senderMessageKeys":[]},{"senderKeyId":1080756302,"senderChainKey":{"iteration":2,"seed":"nz2vK/1iWSYuOG//YbuMJ75hR/TEIcMWCLJUUDNE4FY="},"senderSigningKey":{"public":"Be41aWf5dZuIeQCk36ZYleIMTDQlWjY1detw/wdivPAZ"},"senderMessageKeys":[]},{"senderKeyId":1080756302,"senderChainKey":{"iteration":1,"seed":"6TtWv1emgfWXqbiot8Bjd6sKdR8XZnbQ91ZEHWcqFOE="},"senderSigningKey":{"public":"Be41aWf5dZuIeQCk36ZYleIMTDQlWjY1detw/wdivPAZ"}}]