[{"senderKeyId":1894050295,"senderChainKey":{"iteration":1,"seed":"lSKIYF1JsWMO8LTlkX2fwB9YEDQ9vXwk5XdL9+gnMeQ="},"senderSigningKey":{"public":"BR+51Cj9QpzkoNMnNlcShzcesPkDG8GY7DPZNdcEeIoP"},"senderMessageKeys":[]},{"senderKeyId":1340877753,"senderChainKey":{"iteration":1,"seed":"Wd+Iv1Qv6gOZNjBD435Q1I1xgRUJg9zZheOyvs4Nj48="},"senderSigningKey":{"public":"BSsvZjItqMtPIOlCQBF8arU2S2Mpn/IBxB3OaJOGL/kP"},"senderMessageKeys":[]},{"senderKeyId":85766550,"senderChainKey":{"iteration":5,"seed":"ZPNDA0t4qe18rK5hUGOTZIKV2Hl7bEL3fD4yFC+w3/8="},"senderSigningKey":{"public":"BfKWaEEFOV/uJzKczQUz2DDfuZHwjhOufTeEcbBqGHxX"},"senderMessageKeys":[]},{"senderKeyId":1001262232,"senderChainKey":{"iteration":2,"seed":"LCFi5e7pcFDRTji+BVVVCpCrIz2yMeIQDIya8TK+qhI="},"senderSigningKey":{"public":"BVK2muX1iNBb4IVV5Ja5wlXpE+l4IpO+6kzAPAdLj6sW"}},{"senderKeyId":1628750267,"senderChainKey":{"iteration":2,"seed":"3Aa/qhBYBBOUgFBGSGfhyRTAxsPI3Y1GZv+AF4XCXk4="},"senderSigningKey":{"public":"BVksRnfQX71zpHpNOafgxNi+vSOqUuwBylhm9ZuZ6id0"}}]