[{"senderKeyId":1100005500,"senderChainKey":{"iteration":12,"seed":"x/WMU4eGh2gKalNA+CORartWOU6HxfdsrYqEN1wVkw4="},"senderSigningKey":{"public":"BdlCaiXyexf/MBocZlH9EapMu3MGQEaMRHMy3vuo4mkc"},"senderMessageKeys":[{}]},{"senderKeyId":1100005500,"senderChainKey":{"iteration":5,"seed":"mjHjgu7kSUCDqgl5SlqRf2Qyg7cG63ubCooPqaG5zAY="},"senderSigningKey":{"public":"BdlCaiXyexf/MBocZlH9EapMu3MGQEaMRHMy3vuo4mkc"}},{"senderKeyId":1100005500,"senderChainKey":{"iteration":8,"seed":"ZO6qIJ29TI6HNjvKy+dkf29zJL2whlJ7F6e3VwvlJ6k="},"senderSigningKey":{"public":"BdlCaiXyexf/MBocZlH9EapMu3MGQEaMRHMy3vuo4mkc"}}]