[{"senderKeyId":769196076,"senderChainKey":{"iteration":9,"seed":"eAPUfCYcLMBIrHUQGTrkCQEJBnUtjmFNCILOQebSWAc="},"senderSigningKey":{"public":"BbTVc8ApWN+MU+v/KeOuomm487G+mRXCK54KybcMFAEj"},"senderMessageKeys":[]},{"senderKeyId":1971320655,"senderChainKey":{"iteration":1,"seed":"MFtc1FzNiysuYP+Blsxky2NcWC543X/K8DxoBS+JSxc="},"senderSigningKey":{"public":"BUmzuDF4uH/NItpgFWM3LXfCt3MulPl8m26kCG3d1uoL"}},{"senderKeyId":74772504,"senderChainKey":{"iteration":1,"seed":"FZQz7AA0FcBENdPKAzuUdcLHnjECzRXeOwst4bGQYMs="},"senderSigningKey":{"public":"BfS5inN6RbCFoyR1Cy6W5iluXEkbHnjbQSIFaknsfQFH"}}]