[{"senderKeyId":1531076634,"senderChainKey":{"iteration":1,"seed":"wTi71aVTwFv9z1IB0LL6Dj2k9e1u1nVW+N4nY2mr9Fk="},"senderSigningKey":{"public":"BdjC5WVSRK+5Sa204hDUhbk3BMEDQKj5o5GUI/yB7VwZ"}},{"senderKeyId":1311788564,"senderChainKey":{"iteration":1,"seed":"cop0gLZU+eCLwwHkQffGC1uRkOW8b/NcMyl2R10XLkI="},"senderSigningKey":{"public":"BQOS4uFDFbic8x5sdgX8hQCdxdxY6mDc3GL3taJyZz9r"}},{"senderKeyId":253761548,"senderChainKey":{"iteration":1,"seed":"y+fZiZPdnckvn/p871v/gOB7xGsJx3aX+mOsQieSkp8="},"senderSigningKey":{"public":"BRRQPBDBsgABx7fruB3tcMY2awOuJTrWZneOl0IGl/dk"}},{"senderKeyId":1313236366,"senderChainKey":{"iteration":1,"seed":"RVkM/HZoJKgRVk2DHez4Uw6SHx6TIp7OsHz67gehin4="},"senderSigningKey":{"public":"Ba6dj0n6uIxjPO56IcGnHBOw6hNTfM130F+Qb8CaFfZD"}},{"senderKeyId":1937206433,"senderChainKey":{"iteration":1,"seed":"rWYTJScjEe6XmQgFC8TawamRlcUGqOFLaxgWBtDv2fo="},"senderSigningKey":{"public":"BVqtFGc4k7o0bTn1OvmgDOiIbIu1moDEb84JeBMIrFEL"}}]