[{"senderKeyId":279069881,"senderChainKey":{"iteration":1,"seed":"CmxJyndxn/sucgvQiyDY51NMHw+7vksMmXDxRSagOs8="},"senderSigningKey":{"public":"BXz5Yb0AZy6qzFAaNH0UzRp821hlaFvkHdiWfxEJs8Rp"},"senderMessageKeys":[]},{"senderKeyId":1850524202,"senderChainKey":{"iteration":1,"seed":"FR84ZUa+6QFSZB0W5vn6VkIwRAdQkKdvRD6vu9ISxrE="},"senderSigningKey":{"public":"BTZcZy1r5R+mb1GNX9OPbEC5I2o6Qe3CNRdYBPBd0Bti"}},{"senderKeyId":17278436,"senderChainKey":{"iteration":1,"seed":"rTD5QxQpIBLu0K8TbOaBzZ6mwNx5U4Gyrr0QVfVEocI="},"senderSigningKey":{"public":"BUXeJLNx87ggd3jwRo55INZNlmY0NSlC5hMZ8beD+ZtV"}}]