[{"senderKeyId":614115317,"senderChainKey":{"iteration":1,"seed":"mqUSm4WRetVo5h2RpJAn+1T5DiTSbGEp3NH9XueGeow="},"senderSigningKey":{"public":"BcWTBpXwF999hIxAG1fw/UXEaV0qfaxYVRXE4tICTCkX"},"senderMessageKeys":[]},{"senderKeyId":150186300,"senderChainKey":{"iteration":3,"seed":"lmC2XOgfHuPix1kMTCdIIb3TYBsJgtXlU26lhHpua0I="},"senderSigningKey":{"public":"BTCHaAP5jHhGqWtAyuvtEIXfzck2KIpfHzTtQlwRvrwJ"},"senderMessageKeys":[]},{"senderKeyId":2079243297,"senderChainKey":{"iteration":1,"seed":"AfvutmaI4+t0MtaAoFY3k+PgkdB734YHQw1mcKUqvkU="},"senderSigningKey":{"public":"BT1gpSPXSxW8P+N3VBoqRIPLNmDLSWtm2eaWi/5fHFE9"}}]