[{"senderKeyId":1016637659,"senderChainKey":{"iteration":1,"seed":"L6NtW1SVYf+kt3O5d8A/reVndxEsEqxA/NpLrUK/x1g="},"senderSigningKey":{"public":"BevTrINv8o+hWFel34qVOem35R3Ydn0XfbpxYk2T5FJn"}},{"senderKeyId":673966987,"senderChainKey":{"iteration":3,"seed":"GJ5PO3woPjiAQlpDhN6VDQ8u+HnwMywYwV/FnN1Al/k="},"senderSigningKey":{"public":"BUu+BDrMQ6wznrQpC1l4ui5gWRLB3N/QuPjdEPR9hSYr"}},{"senderKeyId":1164963108,"senderChainKey":{"iteration":1,"seed":"eMnpn61x54Brpx6JthoQIjNAowZtoYVMW+Fj8Ztfbkg="},"senderSigningKey":{"public":"BVnRSR7orhz0QigDYSGlCf7wBpMg22butzmKqnkNR+Id"}},{"senderKeyId":1599207301,"senderChainKey":{"iteration":1,"seed":"NbK9GffigwTB0HWSLw1gXTwfSIOOlUiKrQnvukWwgY8="},"senderSigningKey":{"public":"BUc2DdOxu/ug8QhDKymdQNnyVdhaSwTJ8NvF6AyXOuYt"}}]