[{"senderKeyId":1721207854,"senderChainKey":{"iteration":3,"seed":"Hgzwx6jlHRBW/uaZw5Fo8DEM3ydKqghVa4FfEDjbptQ="},"senderSigningKey":{"public":"BSH5p8dsKNNwg/bXyxK5VX3wVG8z5MM7/Ms8yMonqugu"},"senderMessageKeys":[]},{"senderKeyId":1544716646,"senderChainKey":{"iteration":5,"seed":"ovqa+1G4neDGN2VfcNLwlKa+jsTVyo1lLw+MFBkvesQ="},"senderSigningKey":{"public":"BaoD7MTxbq0V7S2Q9Xl5RCMygp3Lyxkp8H+HrYuDA/52"},"senderMessageKeys":[]},{"senderKeyId":845999232,"senderChainKey":{"iteration":23,"seed":"mUrRDIarQhl+hSaui35ht6cXJL6pw90NmzrYKo5WaWg="},"senderSigningKey":{"public":"Bf6S/Y3+t9a8n4shBZeS+hatTmHwMkNkFtubbAJwdFY2"}},{"senderKeyId":845999232,"senderChainKey":{"iteration":6,"seed":"pKID6s2sNYC6ktD3beEZsWhQ0K9ZVYnCy0KmRBZpeRw="},"senderSigningKey":{"public":"Bf6S/Y3+t9a8n4shBZeS+hatTmHwMkNkFtubbAJwdFY2"}},{"senderKeyId":845999232,"senderChainKey":{"iteration":12,"seed":"9Q05TXetxzIvNWL/IaPHWeXpS2HcK0TydpFyCOeP3ms="},"senderSigningKey":{"public":"Bf6S/Y3+t9a8n4shBZeS+hatTmHwMkNkFtubbAJwdFY2"}}]