[{"senderKeyId":744482477,"senderChainKey":{"iteration":1,"seed":"CQ8b67FvMELCT8Fk10pfVkxdmUwTVKApGCQG4UQqEqQ="},"senderSigningKey":{"public":"Bb4V/netFvfxq8WaZoXkZ3Mok5XktROafz9MXSkpgnwA"},"senderMessageKeys":[]},{"senderKeyId":1817129627,"senderChainKey":{"iteration":1,"seed":"Mk/3wVOaZsZ3PCsyT2p0Fqb+96KZtYSls3dZzeuvr+s="},"senderSigningKey":{"public":"BZQnLx1wOSAdfNwrg9SO2JbX4ikh83GR450jt9xobsUn"}},{"senderKeyId":474424582,"senderChainKey":{"iteration":2,"seed":"95UrgBd61gXB2p932Pl7dHJf7o39MxBXT735v42TtQA="},"senderSigningKey":{"public":"BXo0sLa4a78t3g+uVubqzzM2GGxx9uZ9i5JpJ+TRYBZs"}},{"senderKeyId":2095885620,"senderChainKey":{"iteration":1,"seed":"Xj86c1f4nNyHwwnbnckTNw1VgAVJLu0C0vCYIBFscqQ="},"senderSigningKey":{"public":"BTrAjEf1knGqhfgp49BIvyJBTYu7grmIvQJjr1uVYZVK"}},{"senderKeyId":1661566314,"senderChainKey":{"iteration":2,"seed":"EW5WyYvfApuJ0MAB2rLMmaTRIYaI+6wKiMPgE39ZdBk="},"senderSigningKey":{"public":"BTm6ra+YOehjzYlsEzHHMR95AaNRADD02hiOsPE3m8Ig"}}]