[{"senderKeyId":696434660,"senderChainKey":{"iteration":9,"seed":"x7gBYryufyershFyxCL/MnzB1vwhw8R5O9zxpTiU3ug="},"senderSigningKey":{"public":"BfTx/g3Fl61RDFfGOCxUKIZXYegr/EEnpcjjA4uzS8sD"},"senderMessageKeys":[]},{"senderKeyId":486234640,"senderChainKey":{"iteration":16,"seed":"fur8VqDWHiMZanfDSamSv0BWBbHFjGb2d4Vq3M8msQM="},"senderSigningKey":{"public":"BUC38onG54kThU+/e0Tr0OsIPvrbciXTCPakov2R3Zgy"},"senderMessageKeys":[{}]},{"senderKeyId":486234640,"senderChainKey":{"iteration":12,"seed":"iutCV4q8Ve5us7QS+BX1a1N1KsxWi6cdXl1CKADeStk="},"senderSigningKey":{"public":"BUC38onG54kThU+/e0Tr0OsIPvrbciXTCPakov2R3Zgy"},"senderMessageKeys":[]},{"senderKeyId":486234640,"senderChainKey":{"iteration":13,"seed":"Z2SFg0SneFThVgBVSSKXcGqrg1yjhAfYKm3HBGa9wWY="},"senderSigningKey":{"public":"BUC38onG54kThU+/e0Tr0OsIPvrbciXTCPakov2R3Zgy"},"senderMessageKeys":[]},{"senderKeyId":486234640,"senderChainKey":{"iteration":15,"seed":"xQOAP7QMAsMT8OWb18vZRBKT1hTCoaTm4meeGo9x2Jg="},"senderSigningKey":{"public":"BUC38onG54kThU+/e0Tr0OsIPvrbciXTCPakov2R3Zgy"}}]