[{"senderKeyId":2015441870,"senderChainKey":{"iteration":1,"seed":"ZWcFsFpXMo8u3ZQBTXctunyoed3XunCIPEDZzs/8syU="},"senderSigningKey":{"public":"Bc/T4yvWtdU+L/Ipp1JNywNbFsupfvVMBkE0sXJaLAM4"},"senderMessageKeys":[]},{"senderKeyId":921185405,"senderChainKey":{"iteration":2,"seed":"koMEnynFTcnl9mUDTOEFCx7XwTQrrCl+Tn2rtDs2N58="},"senderSigningKey":{"public":"BVVXnsCEtWYq5KVqEFAalBCc67ajLaTVBe+XwYQeOc8d"},"senderMessageKeys":[]},{"senderKeyId":493187220,"senderChainKey":{"iteration":3,"seed":"qh484qjZ4S7sB/+kwrA+YdAXywVUFNf6aJZG/JlyhOA="},"senderSigningKey":{"public":"BVVtI8bc5vbZeTzZw5/+t9dmcVUgohNdgHssjdPjMNJg"},"senderMessageKeys":[]},{"senderKeyId":1187074970,"senderChainKey":{"iteration":2,"seed":"Wa/yWSGm7D1FuAjs+V06uk0jVA3AT0Hm7bKGgG21/no="},"senderSigningKey":{"public":"BZSzB6AyJjfLD4QTTQzIbFW9PIqN0eX1gXY9Xu+Jaflx"},"senderMessageKeys":[]},{"senderKeyId":1916451615,"senderChainKey":{"iteration":4,"seed":"+rOLHHCCzz+B84j1QtQQE2MIGjsL/V0DmC5685ruyJY="},"senderSigningKey":{"public":"BU9MG1JukqFNG2VEfMuwsJsvqQY/15CgIB0uSUVCoDQ5"}}]