[{"senderKeyId":1242555124,"senderChainKey":{"iteration":5,"seed":"/tP5RuCEQrTcYeuOGAeV+Bn2MiqkNPATb18fWL3tSMg="},"senderSigningKey":{"public":"BeQO054v1xEHKysoBcmm4zXXe4uirJSQpwrjNI2ywJQm"},"senderMessageKeys":[]},{"senderKeyId":1427830820,"senderChainKey":{"iteration":2,"seed":"/WK6Y1pX/25EIQDSsM/1++ruw7fb9oo9HlUCiKxl76Q="},"senderSigningKey":{"public":"Bf832pENWrmyGDgFsuZ/PYVuqKP7vuD6XI37UVhH7fka"},"senderMessageKeys":[]},{"senderKeyId":1381102583,"senderChainKey":{"iteration":2,"seed":"N2dhSe+yXZAnPxA63rk7KDH+w4pGK3sRIcXwav7AJfA="},"senderSigningKey":{"public":"BWD81kySkPgUx9qnNP9F3gmc8zgeJ/bKyAloiKehC8UC"},"senderMessageKeys":[]},{"senderKeyId":1955241449,"senderChainKey":{"iteration":2,"seed":"hoCGIgo+8d/IH2Yi4uuE9/vL6/ded8Me+XFMHU7k6kQ="},"senderSigningKey":{"public":"BZBaK01j6t2lAL15oqK79OvBg/1ohnzA7QAXaVN6+C1p"}},{"senderKeyId":1240927239,"senderChainKey":{"iteration":2,"seed":"9OIJjKuhp15L1b0lJ8TIgx4Vp8bAys4poNxiqEOtEzE="},"senderSigningKey":{"public":"BU+QZ4zvfXKmIpNipbwCftvG92kE7bzG+k/mfhrSFDdx"}}]