[{"senderKeyId":245710757,"senderChainKey":{"iteration":3,"seed":"Bw2Ks6JSt7zh6xzCm+QtVd8+ZWWg5CkfMaDM+ZRYLVI="},"senderSigningKey":{"public":"BaFbaxSbJCeQOGq/9+0n/mxBrYzlB0cwt6mVqQrKsfV/"},"senderMessageKeys":[]},{"senderKeyId":1252051330,"senderChainKey":{"iteration":6,"seed":"GH+DzYd9vuGgWSXaiMmfdE4Tb92TdimVGwJ+CgCLPnQ="},"senderSigningKey":{"public":"BROjRMTApKL2KiXxLgGK0ikN0mRg+MT7nCZyFUcVUpdi"},"senderMessageKeys":[]},{"senderKeyId":994297631,"senderChainKey":{"iteration":2,"seed":"M64/XocPiANwHQ4nhenxrqV31y8P706XGkKNYhjkFjM="},"senderSigningKey":{"public":"BdwHBMMvaUBtR9NaU9PrvjLkEG157N70uG31+S9H4kQY"}},{"senderKeyId":994297631,"senderChainKey":{"iteration":1,"seed":"55SMcQyfpB3wmSyQhjPeo0DB9p+fJ/q5dHmRQrX9LCw="},"senderSigningKey":{"public":"BdwHBMMvaUBtR9NaU9PrvjLkEG157N70uG31+S9H4kQY"}},{"senderKeyId":1479534657,"senderChainKey":{"iteration":3,"seed":"0j5hpMFmNOnJ8gs6x46NxB2zmh2upsY9hS02p13S4n0="},"senderSigningKey":{"public":"BXyqIjYmRu11+dXwmInFUJD+1Ypd+S4s+eDn6nftIdJF"}}]