[{"senderKeyId":1358658224,"senderChainKey":{"iteration":2,"seed":"PNVq0w/4uNIb6Ni1QU7+2C3xXIpnv9YezP2O7r7cDmY="},"senderSigningKey":{"public":"BYqJeRkzqoDx6IWp/lq53ktfda1FlLbEhwF0dIsbaCNZ"},"senderMessageKeys":[]},{"senderKeyId":864696956,"senderChainKey":{"iteration":1,"seed":"u4cnsOGFH3hYZfh0cy6bHfR4oTEauUe8CyU54vFUL1Y="},"senderSigningKey":{"public":"BYHYcaEbhiadTuCc1INZECFXkGGVqUuAxovSMyQzGk8l"},"senderMessageKeys":[]},{"senderKeyId":1824254106,"senderChainKey":{"iteration":2,"seed":"lrJDUN470RxeKXMAuQOqhVkki91dSGchOCiSVjzdKao="},"senderSigningKey":{"public":"BWoWeMYp9P25sOAmjfk17eb7UxrPdnFtE1I6O61X6VQR"}},{"senderKeyId":456690971,"senderChainKey":{"iteration":1,"seed":"4EAvcTQIFqOvj6hv0Sct3QJRqhN4x/1Z3FWvzfao8ts="},"senderSigningKey":{"public":"BVRE4jei5nbvyp0mAXDb6ouu7NLOKstmMEac/A4RfoBN"}},{"senderKeyId":1864077749,"senderChainKey":{"iteration":3,"seed":"fCLrJlZeQMyCorcsw2inuxDRhgJ4O/Xx2sTY34Z8FII="},"senderSigningKey":{"public":"BZTeN57UN1JPVd9olLwSRx102WU9yuXHyOwoZKw1v/ob"}}]