[{"senderKeyId":628555175,"senderChainKey":{"iteration":2,"seed":"MSfSRkZaDRZ1ovdES9Dd42DLt6r882xohipA0hAs0Vw="},"senderSigningKey":{"public":"BfhAOcDCdL1Gtk1ir3O7ITNQDW4Rh4Iv7sfAbNwOPUQ+"},"senderMessageKeys":[]},{"senderKeyId":484062402,"senderChainKey":{"iteration":2,"seed":"uPqlmx7wLREDXnJmC8eRZFVEwqnZPHGgcziGKYQtVwI="},"senderSigningKey":{"public":"BXcalppwcN/iDhPk5ii9kR8kuhzLCk77O5i2yyIMgG4I"},"senderMessageKeys":[]},{"senderKeyId":26737504,"senderChainKey":{"iteration":4,"seed":"FdW16g51LCNWelW6JoY0rfx30JWGDAWJCsOdyiOHmW4="},"senderSigningKey":{"public":"BQpfj3xuotXpET3NUZnW9IDnz4DQPiQRcDKC9icNC5EO"},"senderMessageKeys":[]},{"senderKeyId":1462949622,"senderChainKey":{"iteration":1,"seed":"qT7TVZFq+WhkWufrtEBgyEUUFa2wf0Hx6A/RjshLq/A="},"senderSigningKey":{"public":"BRa+oukeuRYS/r2DG5ls2U3bA9stVWLZUVYlPoHL3UAZ"}},{"senderKeyId":274757155,"senderChainKey":{"iteration":1,"seed":"6PPXI8VINyV3PcqgMbPD+ctbZo3H3y7C3ifUI5ywhAw="},"senderSigningKey":{"public":"BYBMEvA6MMmIujdhnKH1q91icGCPX03NHCfjBHRvtdJY"}}]