[{"senderKeyId":1999661670,"senderChainKey":{"iteration":1,"seed":"UYIQctKc8/NBM4SoTqnTTrh2Ywx4M5UipXbAMNgw73o="},"senderSigningKey":{"public":"BR7C0XEtcLSx00K3eblxrAE10DOervVOIlPDk+YITlYg"},"senderMessageKeys":[]},{"senderKeyId":892671066,"senderChainKey":{"iteration":3,"seed":"6ZQILmI+stLOEAU6y6D19IvXG1U//i30jiwFopUmCE8="},"senderSigningKey":{"public":"BdDpLJgwRAxA9xcaPXnwCGpDOOtOgqhu7+VJYOAwRrZ6"},"senderMessageKeys":[]},{"senderKeyId":828642136,"senderChainKey":{"iteration":9,"seed":"dG22ZCYAEEuAR9CWGGT2DfPxi5hDE7Y9VkT/SoLBEz8="},"senderSigningKey":{"public":"BaTwKsF+1qc1f60u5EXQntJ+e/T3rmx9/5++4v8nRbYy"}},{"senderKeyId":1245889183,"senderChainKey":{"iteration":8,"seed":"xxM9w41QfLo7vYgHdR8W91N3cxmRELKf9H2qsHW2j2o="},"senderSigningKey":{"public":"BY0rDr6bz0BAc3es1z85y7q9ujLal+wdXSjOd1ghYop1"}},{"senderKeyId":832790177,"senderChainKey":{"iteration":5,"seed":"gwMCdPWcXN7bxeQPHxYeACRs/ROQ9y1V4gnTqvKVsww="},"senderSigningKey":{"public":"BWUoYBZdOjSvgc7ID7A1jQied+h2H/dhybe+HZSBQUpL"}}]