[{"senderKeyId":1024153419,"senderChainKey":{"iteration":5,"seed":"5ZIVbjq0ELBMwqhaukU/1CNhNryA3i77p2wkOPCGrdI="},"senderSigningKey":{"public":"BZ80HM+LanRDmPRXq2jSuQ81TeXXBypySSQt8Xj18UUT"},"senderMessageKeys":[]},{"senderKeyId":1642834326,"senderChainKey":{"iteration":4,"seed":"bE3NHAIeyr9k3Dp40+GSve+GozNisM7TMwheA0Sf2EA="},"senderSigningKey":{"public":"BQ5xpgg9izkp8KQepUyqNZK59Q8r0CpioHtfU/NPMNVF"}},{"senderKeyId":1299262365,"senderChainKey":{"iteration":3,"seed":"N2bd8RLYCi9ZH0ykctvOuwsIbT9iow8/ZlZf8ywfIXk="},"senderSigningKey":{"public":"BYCflniSaKA0AWqSAikSo6ww8KWHXf97aLCqPZbpCM4h"}}]