[{"senderKeyId":931829392,"senderChainKey":{"iteration":1,"seed":"ZShJr04Ydv7nTHtMWz7gkZZ3nt098imy3tjbLF19PJQ="},"senderSigningKey":{"public":"BXS/jTGxXbb6XRe0UYxLfRvjQZq++gEI81E1qJ/GWB0C"},"senderMessageKeys":[]},{"senderKeyId":299439227,"senderChainKey":{"iteration":1,"seed":"WUTkjVvrrQ61X7m2xI7R1gxnAuugqwjXt/nMODueaRM="},"senderSigningKey":{"public":"BVWWWQmwjnreHiL+kN1Z5ZPnpEqDAzv3kDqnwRjA6SQj"},"senderMessageKeys":[]},{"senderKeyId":22451192,"senderChainKey":{"iteration":2,"seed":"8DHKsiDpMxWSp4gq3GMjz9sOaHI3X+ezvSr7NY+gy7M="},"senderSigningKey":{"public":"BW5B96tV4gie9Z+t5q0An2FM3U6ryerrKb29MeHuWS1u"}}]