[{"senderKeyId":208815782,"senderChainKey":{"iteration":6,"seed":"pILcfubipbNQAYjFSrTqYe/kvV4QXWR/Kc+XEyXZuwo="},"senderSigningKey":{"public":"BdP//MtNvJ6WsUjw5nGrH7sZLiblvAramnX3BTLszMUA"},"senderMessageKeys":[]},{"senderKeyId":208815782,"senderChainKey":{"iteration":5,"seed":"Klaq7NYGAd/BQYmbw53qwwot9uibgg1KW/Up1GcT2qA="},"senderSigningKey":{"public":"BdP//MtNvJ6WsUjw5nGrH7sZLiblvAramnX3BTLszMUA"},"senderMessageKeys":[]},{"senderKeyId":1156385529,"senderChainKey":{"iteration":1,"seed":"CCiVfdadEhYi3hvLmywybDfKnibylSwRwpCRGVl2vUQ="},"senderSigningKey":{"public":"BRP0aYRDHGS8W6Az470sazsv1WgbKtWKO0NGTxmG/rtx"}}]