[{"senderKeyId":401043096,"senderChainKey":{"iteration":2,"seed":"VztLGdSingg9l4kjhsdK9T7U0KSppZuQCfpO7Br4bGU="},"senderSigningKey":{"public":"BbYyUCwLpiHFXKtGya0tSOGfYXHHE2r8FdQSFzvDCblG"}},{"senderKeyId":581334883,"senderChainKey":{"iteration":8,"seed":"08w7w1Zjc7UKNJXbCm4E5aSZhfyVmghHPtM7lfx7kOw="},"senderSigningKey":{"public":"BT9n1F+j/DHPchQFp5joz1YLSuOjwgblVRMZtQu4GENB"}},{"senderKeyId":581334883,"senderChainKey":{"iteration":1,"seed":"LTQsbBOiX+pbatoTynEIJTHFCrJZuWFXxpkPCE3tJos="},"senderSigningKey":{"public":"BT9n1F+j/DHPchQFp5joz1YLSuOjwgblVRMZtQu4GENB"}},{"senderKeyId":581334883,"senderChainKey":{"iteration":7,"seed":"7PQHJFoy6JQJg4YgO52UcXAnM67JAYWcouZ0YzB9mA0="},"senderSigningKey":{"public":"BT9n1F+j/DHPchQFp5joz1YLSuOjwgblVRMZtQu4GENB"}},{"senderKeyId":122179214,"senderChainKey":{"iteration":3,"seed":"Ngau2EqNH8oFEAcya3mny3pc8tqLjAYcz29RlVxcBuo="},"senderSigningKey":{"public":"BfIt6GrO0uRgRgJc4LMNG1ARsSCStxFYFabSl11r+hNt"}}]