[{"senderKeyId":1367358019,"senderChainKey":{"iteration":1,"seed":"mWmRJo7JZRmgrN5CpvDjkoZ4ohIyNhqjnEcp6sn/0kk="},"senderSigningKey":{"public":"BUu6ChfS0tOsUaTtGfblBMz37gaRMIiEwpj7ZlOQ3m49"},"senderMessageKeys":[]},{"senderKeyId":1382055960,"senderChainKey":{"iteration":1,"seed":"WN2LpXv3s07+G7I56f6t9EYgEXOHfuey3Hk16RGmWek="},"senderSigningKey":{"public":"BQMy7Kqo28MA78QUAe4HTK06yubfpGiz5UUnUjyyilYX"},"senderMessageKeys":[]},{"senderKeyId":1958820403,"senderChainKey":{"iteration":1,"seed":"pPkN8ndWcAKEwJlVTJv05KM8DABlxTYzl0P1ZW5qxWY="},"senderSigningKey":{"public":"BW2T2oEqkQeZOLmeICow0HSenW4h+0k1cJOEawzNEKJ3"},"senderMessageKeys":[]},{"senderKeyId":1887093982,"senderChainKey":{"iteration":1,"seed":"9rJOmqfZKBpScYEH4haSrinqdlgaF67zpbNJIJNQaTM="},"senderSigningKey":{"public":"BRb9veYQ2Sr5TGzJcA1Fwl9kFakGD1QvEEJzAmFtSxd/"},"senderMessageKeys":[]},{"senderKeyId":1550463234,"senderChainKey":{"iteration":1,"seed":"oK1/qI05ctZPtmaPF9MjBV9H4ikFBkJHOmNhA4ursQs="},"senderSigningKey":{"public":"BX7RE107jf7HlBsGmrbSxTvoGRa20X9ONZ8Jlx35MvhI"}}]