[{"senderKeyId":1122794535,"senderChainKey":{"iteration":4,"seed":"V8SftUZEr6kUg2uMiuBWXCj1yxP0oRUvZUjsPIc7nQY="},"senderSigningKey":{"public":"BUHSZiOwO3l+uU7I54RWEf+MMnysdZhSv7EAEFCaUWY8"},"senderMessageKeys":[]},{"senderKeyId":2048861673,"senderChainKey":{"iteration":17,"seed":"8uwHWBmNnIQ0cFTGTm5c11oZ9iW4EOyq0AHUftjqe5I="},"senderSigningKey":{"public":"BQDp0sILwfLlXKlSs3Cm5aJua2/c94sh4XBBfeO2H7d/"},"senderMessageKeys":[]},{"senderKeyId":37172735,"senderChainKey":{"iteration":4,"seed":"69iJ+z+SYXV9UaHHpY26iO4k66GTCjJrFzhbPTLEbdY="},"senderSigningKey":{"public":"BWkhGC1p0zaroJmG4e5yqC4vgeuj/3zYB93wgIyNOF0q"},"senderMessageKeys":[]},{"senderKeyId":279692752,"senderChainKey":{"iteration":1,"seed":"b4MKL5dm+E/wAt93pN/F8GxmX+QjiBKS3/CgMPAgDQQ="},"senderSigningKey":{"public":"BTSwiRd0yHCKrNJv8ByT7qyldW52QjSl4AMNMO1SJBJI"}},{"senderKeyId":699203049,"senderChainKey":{"iteration":17,"seed":"wrR3VZd3sTstqH3hN/TX4NRxXLoWykSNZmfFsXSpwdo="},"senderSigningKey":{"public":"BQXR1QQSGevNt33DxGbJJCrrnxKIPlGjW1QuJm7aamIi"}}]