[{"senderKeyId":582744696,"senderChainKey":{"iteration":1,"seed":"N7ldSJ2WWJAVnW5oNqkbxTGr5qWlkLlYf45PAN/j3bI="},"senderSigningKey":{"public":"BWggNIQWa1NTgCEaoXFhG/9/BOqyS1o2wvPdp1RKvRNm"},"senderMessageKeys":[]},{"senderKeyId":1828144827,"senderChainKey":{"iteration":7,"seed":"jCPN4jdYDwsFXHy6kVjbdUYx/whON2rlBuYp9Gk1jWA="},"senderSigningKey":{"public":"BRz1S5JI+gSn+EGXufh60wRXD/7Tr4OUd2YoBNmRxlBi"},"senderMessageKeys":[]},{"senderKeyId":234329912,"senderChainKey":{"iteration":1,"seed":"L9dmFzt7y1CHoy3N7p/XwhlcK30Z983e3R0tByj+fmc="},"senderSigningKey":{"public":"BbYWBaRUkfYP2M1e/DK1i1qmal/plFCFxkmuZ5S0x902"}},{"senderKeyId":1869506948,"senderChainKey":{"iteration":1,"seed":"oOLJ6tsbU0uiUHpJ2NOSz2PPwSCvO4iVCL8Ou3fY3RI="},"senderSigningKey":{"public":"BVpnjk254dpxZEeITvfaRuQE3+mhN4Z58hgHGc3jNOxZ"}},{"senderKeyId":1949490689,"senderChainKey":{"iteration":1,"seed":"aiChGyrLhHgAZ37NafAmD9Zg74DhDWuj45J8DPEMq/c="},"senderSigningKey":{"public":"BXgHLk0KOygpuKluEb6vUfFOzQdu9FXJ5ZD2MuaH8t0g"}}]