[{"senderKeyId":1768412385,"senderChainKey":{"iteration":1,"seed":"oUS/kZht7Ne8e1J52dN/+Dy7Jn+TGdS3UdaYXw/CTko="},"senderSigningKey":{"public":"BSpGozpsI4ugnsrLhwD6MOgk709bQurorOg8ZDXq9rgg"},"senderMessageKeys":[]},{"senderKeyId":983511011,"senderChainKey":{"iteration":1,"seed":"ZqW1Zn7VQ1vzbno/Yo1n0AhZdCY3hU+K2Mz3blPklxI="},"senderSigningKey":{"public":"BdwbAhfdfneT3L0QMs0RVjlgXrATlSrMo+A6SQUDOfdt"},"senderMessageKeys":[]},{"senderKeyId":1179114854,"senderChainKey":{"iteration":1,"seed":"I01q3CNqr2gk0ysUJQnpF5UZ7qGzHeXFv37nB7KgWg0="},"senderSigningKey":{"public":"BeggFg+nOAfay+FKFaY0n6NocFR1xHhHTLhApTbzussF"}}]