[{"senderKeyId":1121652772,"senderChainKey":{"iteration":7,"seed":"krKdT8HqX4pIH+1F1Pu4mUasUu6wdyGAO+VSH3i8umQ="},"senderSigningKey":{"public":"BV8L5V/GvJRihEzRb3SZ+EUPRugpBAgv+TAF0wotMK1u"},"senderMessageKeys":[]},{"senderKeyId":1121652772,"senderChainKey":{"iteration":1,"seed":"yPmv8FX3RZ6+fKOZpt7cR2rjjQ/pGEcqJ4Val1llfFQ="},"senderSigningKey":{"public":"BV8L5V/GvJRihEzRb3SZ+EUPRugpBAgv+TAF0wotMK1u"},"senderMessageKeys":[]},{"senderKeyId":1461603978,"senderChainKey":{"iteration":9,"seed":"rYC0nTI9CBlbasaKIOavTiYLi6LxmZ5VXqyfCmUwEUQ="},"senderSigningKey":{"public":"BbIHs/O3P6bIzP0pHs54PkiQqJUpQ2f+2eTCdbHMfesO"}}]