[{"senderKeyId":936154703,"senderChainKey":{"iteration":2,"seed":"4+cRmSoH3MrMcO9RW5FBxYEnMeNrg2iszajkzc0b704="},"senderSigningKey":{"public":"BaKtoEEqrih3HR44oNts3aMVNb03FJCD1osPtDVSmIsi"},"senderMessageKeys":[]},{"senderKeyId":447544195,"senderChainKey":{"iteration":1,"seed":"yvePLfZpXLnbVc6u9Q1B+1NsbSkjx/FCBeSbgRYrMkI="},"senderSigningKey":{"public":"BSE/D5Z3o8i+cs2r207Z0EioAYaECIpqPlmuW0HC6skX"},"senderMessageKeys":[]},{"senderKeyId":462953821,"senderChainKey":{"iteration":1,"seed":"uOx3xJAC/W/QpCR1gDzb4Vv9ElzFaiKs291sCcalSBY="},"senderSigningKey":{"public":"Bfz/N1gc078BLvwXx9QqVqZojsJSBUKHAAXdC7CuSfxn"}}]