[{"senderKeyId":1321936480,"senderChainKey":{"iteration":1,"seed":"k4Kiub1AC2b5hgxuTvbGmiNJmfiFiSgcCDC2GVL9YuI="},"senderSigningKey":{"public":"BcM3PIOSjnkL7P8I65ppPbNl3iem47TO/uf6JCQ4tTJ7"},"senderMessageKeys":[]},{"senderKeyId":1092555519,"senderChainKey":{"iteration":1,"seed":"2TDJbSPtlDgDUx68zGMxktl889fe+27nChfpZE+pa2E="},"senderSigningKey":{"public":"BTNYvzAj1L6PTX63EDmDfeMwJMb8yTohCpfpnRy7sug3"},"senderMessageKeys":[]},{"senderKeyId":693997500,"senderChainKey":{"iteration":1,"seed":"RA83G7RdZqswKcmD/bH+ReeyQD8dPW0/Ws3daRQzGg4="},"senderSigningKey":{"public":"BTMaoYa9x/cHr2EWeJdIY7nJCrXnVqlFI5wYH5OhV04o"}},{"senderKeyId":1666245321,"senderChainKey":{"iteration":1,"seed":"dbBEnRP6OLyRT6eb57xQVphYjFUmWqwP2J9Pwh7+FPM="},"senderSigningKey":{"public":"Bb/1MxKVopHTKeXqpSW/waJsfmn2jhYvP3a1Zz0iFW1M"}},{"senderKeyId":899265096,"senderChainKey":{"iteration":1,"seed":"pZXbn8ok/NBDgYUefVjvHezdm56ovJ3dsV/g97rLjbs="},"senderSigningKey":{"public":"BdyEYZijfnFv+TgL9pxUgYWUeviGsSs8N3z2yp29HrtR"}}]