[{"senderKeyId":685054448,"senderChainKey":{"iteration":2,"seed":"lC4cGoivAVJvQpNyxpRHdvvRnhhj+O6+3ehOJJHDHm0="},"senderSigningKey":{"public":"BVpw4m+oipwCJ7ixFbEU8IbU8V7Sdyp2nooLgLuo5ctg"},"senderMessageKeys":[]},{"senderKeyId":437197900,"senderChainKey":{"iteration":1,"seed":"9SeqGfJxJXNlxLL6aeM1xMGy8YeuvN6S0MFoJokHPBM="},"senderSigningKey":{"public":"BUGPWK/hyOTRP4Xa98AkTtQYXLOc+O2W9r+RY0OnlOlH"},"senderMessageKeys":[]},{"senderKeyId":1656391919,"senderChainKey":{"iteration":1,"seed":"3csFUNVZSGMdZY7nwhpbbQ0hin1Sv20GDyXagNSvc5Q="},"senderSigningKey":{"public":"BasvzyK5Djq2g03UF7Uz2D2t6qEFSqVpQDk1Vync8MkU"}}]