[{"senderKeyId":1079873163,"senderChainKey":{"iteration":2,"seed":"GLub3mELI5pvX4ieZOGdNDLYcWg3Wtsr7zZwMpY1ars="},"senderSigningKey":{"public":"BWw14vWtDzd30hj3zIqSoQmDsIT0W7UhLur+0krHAOJu"},"senderMessageKeys":[]},{"senderKeyId":1079873163,"senderChainKey":{"iteration":1,"seed":"9OKv+gbHj/wQqfoSTpi/iuU1lfAsOSfSTSTAREIehNw="},"senderSigningKey":{"public":"BWw14vWtDzd30hj3zIqSoQmDsIT0W7UhLur+0krHAOJu"},"senderMessageKeys":[]},{"senderKeyId":1127223216,"senderChainKey":{"iteration":1,"seed":"F+JYaP//lDb4KoHls/qqqExQHF0B1RPDHwSmQlSRaTI="},"senderSigningKey":{"public":"BWxpWrdbfq6ftI/0UzHe/FKntC863XBFhhbortRC85Qi"}},{"senderKeyId":1313767758,"senderChainKey":{"iteration":1,"seed":"wudcGUxkqsmk7RQqxFCUiK05/VRE7fTTvTfZ+kWv9Qw="},"senderSigningKey":{"public":"BQN5KgT5GnBaT/Vfapexi4B0XtI1z51oCZvwTnhv3J83"}},{"senderKeyId":529620933,"senderChainKey":{"iteration":1,"seed":"GTZbaXtVx/UaU7Jv59IR9UZMULKYwP7w+ppCficTyC4="},"senderSigningKey":{"public":"BVFNSFPBZ46tkgxMOv+WAfka1uR5nTmgdDqfZiIZnB81"}}]