[{"senderKeyId":61865326,"senderChainKey":{"iteration":7,"seed":"59So6z4LsxCEyVq0gCfOBcwi8CpKbOMU5lm4StVSIFE="},"senderSigningKey":{"public":"BV5VjRadak4nTzkGKQBzDoUJs80eP6kDZCAhwfK/syoB"},"senderMessageKeys":[]},{"senderKeyId":571422399,"senderChainKey":{"iteration":1,"seed":"+B/qnDDZmMAdcAt7TlMUKgW2wQ0J2iCeU0JylXgJf5A="},"senderSigningKey":{"public":"BUxBQfgI9K8WjjDVySEyzmolSksWJokO4BDULTAT7sgH"},"senderMessageKeys":[]},{"senderKeyId":559359045,"senderChainKey":{"iteration":1,"seed":"jvOo7+1lO0/p7C8+LTbD7fljDs3EEkkHFYeOrWSmmRM="},"senderSigningKey":{"public":"BX4WovA3Jxe4rHlOye+pJCL3HlwwFlWSIf6mDuopzhJV"}}]