[{"senderKeyId":1406717886,"senderChainKey":{"iteration":12,"seed":"1ES6OsDw8fcVaIOo/2mt658vREkc2L5Y/s7re+Q8s2w="},"senderSigningKey":{"public":"BdAIu/85yzsyWWV8x/AfE57C/ShplmZBm/mFmpq4o8FC"},"senderMessageKeys":[]},{"senderKeyId":1277539628,"senderChainKey":{"iteration":3,"seed":"lM88iC+X079j/2/yEn1Zrodr8wqd5IeMDPz9mEDDhD8="},"senderSigningKey":{"public":"BX1sWx7K2JyWTcnjkRTWV2nnmG2FfBRv3qKYFxQVs8R/"}},{"senderKeyId":1277539628,"senderChainKey":{"iteration":1,"seed":"DHaTZlfN2JkZpNqdZvHQFKKfam7802Zq5LB0dui1hCc="},"senderSigningKey":{"public":"BX1sWx7K2JyWTcnjkRTWV2nnmG2FfBRv3qKYFxQVs8R/"}}]