[{"senderKeyId":750692296,"senderChainKey":{"iteration":1,"seed":"gQuLxTtOC2UCicsdTd2IAvrqF0Q24Mgik1Wr0+UaOrA="},"senderSigningKey":{"public":"BdhgF2MZCa3IHpCR8HE6UM6fXJuW6Og1xkALX0llhmoY"},"senderMessageKeys":[]},{"senderKeyId":175347584,"senderChainKey":{"iteration":2,"seed":"l3XifJ/FM8Db5bsy135LllBp2UgtPGU++6cE8MZPQ5w="},"senderSigningKey":{"public":"Bf43DCQeDgfj8WFfVPURd19t7X2CIWA+eQqR6pDPSNse"},"senderMessageKeys":[]},{"senderKeyId":574917927,"senderChainKey":{"iteration":1,"seed":"J8ZVccjgi6/Q/0PdGW5l29eNNn3GU82o7hmRHnHm738="},"senderSigningKey":{"public":"BVSKz2UHQP23OU/vboBly4Z+bfiOlTpAIo6aDnpPl0sL"}}]