[{"senderKeyId":1128781907,"senderChainKey":{"iteration":1,"seed":"e8v4oJOsoCtSlxlteBYt/vBjVHswWPZaYzkuAjXM8ws="},"senderSigningKey":{"public":"BRAuqzjo7XPy8k5WHMEn43DZvUlCad2slk+fm5B0o7Y3"},"senderMessageKeys":[]},{"senderKeyId":527674593,"senderChainKey":{"iteration":1,"seed":"4483esempHksZQxBZ184MFqot42kT/5U03flncS2vLs="},"senderSigningKey":{"public":"BbjIPYkRtxWPieQdYZoqHSLraYwolJpMEonN6ZA8HUx7"},"senderMessageKeys":[]},{"senderKeyId":988337313,"senderChainKey":{"iteration":2,"seed":"0BObd3sI7DTv0g1wMajz34DziqfQ70Gvq4bEnKepWBo="},"senderSigningKey":{"public":"BVTBK1uZaP6B4SbrdSxTS0U00YdlnFSrgndqArHoK3gW"},"senderMessageKeys":[]},{"senderKeyId":635291674,"senderChainKey":{"iteration":3,"seed":"OVnx22bK4y3FhuQZh9vvMow41wy+ow679rEsMgyQl8U="},"senderSigningKey":{"public":"BVoQnAcqBVnk1rNKFfFj2MwijU9Cav40bjo9WiNJi2Uy"},"senderMessageKeys":[]},{"senderKeyId":1174253703,"senderChainKey":{"iteration":2,"seed":"EgrIsKGQMEkWOOlroNThY7PkuGy7EMbVzrAhOL2WpGQ="},"senderSigningKey":{"public":"BY4EHHG/J+/Vuv0JG0+WGocd2zTIAEsHwpLmoAX5yhpQ"}}]