[{"senderKeyId":579801461,"senderChainKey":{"iteration":2,"seed":"I7IHWWEsOwlnF219My2g1ttsibaw6oi5dJZ+msGCfXs="},"senderSigningKey":{"public":"BWRaPab2BDMNIlLdUror2LDGG9oxMW3WArDlnvizDKhz"},"senderMessageKeys":[]},{"senderKeyId":687815175,"senderChainKey":{"iteration":2,"seed":"l3wR1E8tQeYMNeJT0FzQ4u1PQrHMw3t1Uwm+etNGKBM="},"senderSigningKey":{"public":"BRo5MommieyeNFKu0UhXNKv5SNNl7tclVJIBp7tSlh1g"},"senderMessageKeys":[]},{"senderKeyId":1771547547,"senderChainKey":{"iteration":3,"seed":"5XSYDqAnEoD8lxh/0eNZL2gm1h/4qcUtiin47NNEiY0="},"senderSigningKey":{"public":"BUWobLMub0sVQSJjJJloH3wE5voo1CE7E0mfvj/WcZBK"},"senderMessageKeys":[{"iteration":1,"seed":"Ye4y+EeFoRHn+kC5ZLdQ7cCwrrok8qWr1r8Be1akWI0="}]},{"senderKeyId":818210327,"senderChainKey":{"iteration":1,"seed":"YKHknP6RPyiUHUNbzZEUSHlmzPB7jwJe60vWakkBbnM="},"senderSigningKey":{"public":"BUbLE+P5BYOp+g/L7Vrc6HbLl5SwFnVRVWATRvUn/2NI"},"senderMessageKeys":[]},{"senderKeyId":669431720,"senderChainKey":{"iteration":3,"seed":"hGl25575ymecFcHHr7kvBhTqlEnc+rALBNzDf/Hdn0g="},"senderSigningKey":{"public":"BWvyv1HeKDx8JIgDO2+bIXlyrDZxDJhmzVcOxxB3AqNd"}}]