[{"senderKeyId":468298158,"senderChainKey":{"iteration":1,"seed":"w8Wtyge01sWJ21rHHMbvGT+1jGcVUXVwLfT1c5FDFg0="},"senderSigningKey":{"public":"Bc6z9dLbqDox686M4T5NsWBozfd+H08kmoveReMdfrZN"},"senderMessageKeys":[]},{"senderKeyId":971090971,"senderChainKey":{"iteration":1,"seed":"oZZGwMxDTS6mejZEJlEYHc2TL19NvDKq18KIjh1Ljsk="},"senderSigningKey":{"public":"BQKR+5LEH1HMCu1f5njUJxWuB5lwdRx6uloW8XhRCjZ4"}},{"senderKeyId":949450262,"senderChainKey":{"iteration":2,"seed":"mHv0/hdHFp49NPYvMsByUfYP9GHqiTU1+6KuzQ8DpUE="},"senderSigningKey":{"public":"Bae1cN+nhiRBG/mas/LE+yNKPTZlVECNsYjlHS44Xedz"}},{"senderKeyId":1093588182,"senderChainKey":{"iteration":9,"seed":"aWJucXKnMSN4BohGkv73boWRyGX+HVi/JFIITOk6+1w="},"senderSigningKey":{"public":"Bc3HQOSX5/rdfC8wmvm140GvxZnCXoMtoSSPqMU4wSUC"}},{"senderKeyId":1093588182,"senderChainKey":{"iteration":1,"seed":"fIXwd00AbEEViWc3Hz3xucDvY/xLk+P6e97ww0LO4pE="},"senderSigningKey":{"public":"Bc3HQOSX5/rdfC8wmvm140GvxZnCXoMtoSSPqMU4wSUC"}}]