[{"senderKeyId":1856452063,"senderChainKey":{"iteration":3,"seed":"fYknY9ajWd/Yd+7YQvwyIT4Fadrsr+HeDgy35ZU9cL0="},"senderSigningKey":{"public":"BY2cMO5rk71d12Dmjgkyt5G7zXCwZSPUoyVga30Q9kJZ"}},{"senderKeyId":879274939,"senderChainKey":{"iteration":2,"seed":"tN1wCxKYBXXWxtGWSccgNle6vHip8UoMsUHOUZLrpMk="},"senderSigningKey":{"public":"BVDdD8VE0XMguYqY7BE+K08u2CWLRp7rB9yFbmrPt09v"}},{"senderKeyId":535517757,"senderChainKey":{"iteration":1,"seed":"FYefzzIZUorrsAwsfLkiLm56YxHuMOpPK7cbL4gEo1s="},"senderSigningKey":{"public":"BUhVhaGk9o3nw8pPqJrPM8glQZdZqM4tZFiIG7vOO6E/"}},{"senderKeyId":560579441,"senderChainKey":{"iteration":2,"seed":"S7beaxVXbkoRhH/PCIteXRYbVPjXCVh6MxHSJZYLbNk="},"senderSigningKey":{"public":"BV8I2DHg6AHINlqhT4ptavVtCpy1w0mLTWGFVPqRhzUu"}},{"senderKeyId":1317588766,"senderChainKey":{"iteration":6,"seed":"EKvWcbgVic3AWf6fmnGtgp+dlLqF557xq/vV9jM1Jg4="},"senderSigningKey":{"public":"Bevf4pBoyQkcpDb0AwDiNNpEaUSrw0xkbrTY6xaJWK1c"}}]