[{"senderKeyId":1338337914,"senderChainKey":{"iteration":3,"seed":"fCcz5ad+//XCRYxq3+ab+eRACW3/8djVZxF+OyMf8dM="},"senderSigningKey":{"public":"BY26UUs6I3vulKq6z1lPaae5dvivelScKblu+5l8OH44"},"senderMessageKeys":[]},{"senderKeyId":1725433517,"senderChainKey":{"iteration":11,"seed":"DGlteAIdo1Wdf7Rug5jq8iZ8PpOck+IpbplHcnMqfcY="},"senderSigningKey":{"public":"Bf3YzK67K/BSlYYcRZy68OcD8eGXPH7G3MdW+bi05cV9"},"senderMessageKeys":[]},{"senderKeyId":1410987941,"senderChainKey":{"iteration":4,"seed":"cn4yWdzPg/Z1PNONF48MlYpLgaNVDoDjS3Z/13rBzgc="},"senderSigningKey":{"public":"Ba6Hh9DEpMnePLog/Zk/fzcNwJuc3/6nWlgujIAQBHZY"},"senderMessageKeys":[]},{"senderKeyId":8684818,"senderChainKey":{"iteration":3,"seed":"8EL1guwmnu5H0/NJv4+U0PrC15KMEPRGQr8VaGALKq4="},"senderSigningKey":{"public":"BQKIHKcO7n4k3XmunnCBxtue6vUhVaTkeYNbRBAl7cF0"}},{"senderKeyId":181082256,"senderChainKey":{"iteration":9,"seed":"UiZPzRsADYanac2NMdenFaescw9USaxhbsy1AORVJGg="},"senderSigningKey":{"public":"BSPfLAXCE0iyA3UMSewDopgMeuwuJG0HV8H7Cw10jxYg"}}]