[{"senderKeyId":1712065044,"senderChainKey":{"iteration":1,"seed":"QYaKXIhRIGvt2rdGQ04okMmgdtDV1CWNzH+bDjMQEqw="},"senderSigningKey":{"public":"BXGT40sPV93YLjRAJK5HGAP8k3dRZ3QPc5LqJpCSWGgu"}},{"senderKeyId":1343165012,"senderChainKey":{"iteration":2,"seed":"/qK1+9akAkbGmoe1aAcxuUf/f5jldqEMWiUB3XJphAQ="},"senderSigningKey":{"public":"BcKsXweNT9T692BN2aCH3FUyX+eb1jmLK5rqUwnGY58t"}},{"senderKeyId":1492488024,"senderChainKey":{"iteration":1,"seed":"mIKl+wQ1wuobSPeRONh8gxUIzEHT0mIkZm4c7+uhn1A="},"senderSigningKey":{"public":"BT5qvPAFq1ll4ASMcpa6F8pyeytvwtXNnPF12Aje0u4t"}}]