[{"senderKeyId":1684562290,"senderChainKey":{"iteration":1,"seed":"he1UUKuYKyG1RLcooPEvz6ieDltpSD4Y3jJelt2Zw60="},"senderSigningKey":{"public":"BU+keEJ79LVndYXrfekRG4FbAA5/L9YcZ+Vp68h26wob"},"senderMessageKeys":[]},{"senderKeyId":818356458,"senderChainKey":{"iteration":3,"seed":"wBGpFLX78oi+Ree04bfORFSopliGRhqw+GZK0kUmaDk="},"senderSigningKey":{"public":"BUswSeo+pUMXsinMuEooqJtDujq/++4qeoFpBQ5huBpR"},"senderMessageKeys":[]},{"senderKeyId":979954678,"senderChainKey":{"iteration":1,"seed":"94RNlDehPODPlrxBBMx9QpfDAYrzxsxvBr+hPFyRB2A="},"senderSigningKey":{"public":"BZA00TMr8o6Qg2ruQuBND71Yo56uXcTA6LExniMzyqhQ"}}]