[{"senderKeyId":2078305207,"senderChainKey":{"iteration":3,"seed":"e+tJfSvxW3x9CTp6FAWbdWAcirVvjr8jFcj+Tuli9Xc="},"senderSigningKey":{"public":"BYBNHO3KLwtM9krqkA71x8xdy+C5dMjhN4qmvEBG18Vk"},"senderMessageKeys":[]},{"senderKeyId":2029153262,"senderChainKey":{"iteration":1,"seed":"lHfHDvDZFzQuVl/RClGc3qlI3ypvYVOo5I0Ep1LELSI="},"senderSigningKey":{"public":"BS8F5eQCBb9OxGM9IbYRlrdgT1lIT7J99/2c2Z2e1g4v"},"senderMessageKeys":[]},{"senderKeyId":2047531361,"senderChainKey":{"iteration":1,"seed":"XMCQBE6FJFJ6tThPca8vOQfRWiFRNBxFbHKtIQDHTOE="},"senderSigningKey":{"public":"BWo0fwYKGbWPDEsy5tkZBXIXrimVH4Jv0XbRL0obOERt"}}]