[{"senderKeyId":1289608319,"senderChainKey":{"iteration":3,"seed":"4jf23cf9F5QDtwj3y7mqEfRbikgyVnHOfKrj100l5Lk="},"senderSigningKey":{"public":"Bad+bp6oOHREBCTG/eqeTbDGHASRmirUSklemv1w034m"},"senderMessageKeys":[]},{"senderKeyId":1222722198,"senderChainKey":{"iteration":1,"seed":"EW4gNpde2hGZEBuhcCjm1+4TU3SNktuRhFudz29abmc="},"senderSigningKey":{"public":"BUX2nwe5TRlZIGy2AR8r6PTPcAkAAZROn/dKEjBnoiF/"},"senderMessageKeys":[]},{"senderKeyId":665511836,"senderChainKey":{"iteration":1,"seed":"zOO1XMIQ5FZdh0ft+iRd23i2ByTpsvqPosFy+nHkmAw="},"senderSigningKey":{"public":"Bc6sAc3RgliXrLHDSns6+715LffssHKl1TYPnzII/28U"}},{"senderKeyId":2103946003,"senderChainKey":{"iteration":1,"seed":"RsJufIPixbBHAk7isyFUCAZTNFp/DG8KWZTFVvcG7xc="},"senderSigningKey":{"public":"BQ2uUt3eKcMtGhpCk/G0wCMhm76jwJN/74z/pbd22KZP"}},{"senderKeyId":736243772,"senderChainKey":{"iteration":1,"seed":"IGhm9CBT11UOxunTpUbvYo7GFpMfVZN83gWhqE3G/Mg="},"senderSigningKey":{"public":"Bc4mzP6BTGqeLjYFQSswvORbDmt4dnj33gNvLttFePxS"}}]