[{"senderKeyId":414943502,"senderChainKey":{"iteration":4,"seed":"8sGQcf6sPfPioYVeZGsGl/mKinzmdZtnNvX1p33psis="},"senderSigningKey":{"public":"BcfffL8EpA+n6nvbJnlCP8vcAY1EFGntoxyIymSrhwFL"},"senderMessageKeys":[]},{"senderKeyId":1679790441,"senderChainKey":{"iteration":1,"seed":"zRSaU10dX1HiDGF3QxYfj3Jyamftx8M9owUzMHCK8B8="},"senderSigningKey":{"public":"BZPwL1OP65JjhWHAHVvwWZLAjM7sHZcFxg8fl7zMFClG"}},{"senderKeyId":7367429,"senderChainKey":{"iteration":5,"seed":"gCLB91TkN7gnzuCp70WFnco5Z8zXArHckOtmA+RST6k="},"senderSigningKey":{"public":"BUeJkDtvAOf94YB4m6F6kIvSAiVzfeDHNVhrE3S+TAx8"},"senderMessageKeys":[{"iteration":2,"seed":"CfmfBsQnRxpYHDwnaNI/1nytDI3A5KXdYBsgzTYOgSQ="}]},{"senderKeyId":1063908048,"senderChainKey":{"iteration":1,"seed":"a+D25O5eVjvVl4XvZgvEud0aXuULjq+NxSrhZmk76tw="},"senderSigningKey":{"public":"BR0FiI0Ga9dPN5y7QLj4Q0CwZg7RLQq61Ip+egsvqR4R"}},{"senderKeyId":519061285,"senderChainKey":{"iteration":1,"seed":"zgpFtg5LpXfpSBgYPSpomlUGZ9ci47iHI/sKrF3PxgQ="},"senderSigningKey":{"public":"BVDK1x21Xa+gie0Zrq8OHXkCjv5W4/2LNiyb+gi0SE57"}}]