[{"senderKeyId":1574205720,"senderChainKey":{"iteration":1,"seed":"KcIo3JFjwXIkDBnAAUNHFDOuw2azNkV8E9s+B4FRHfo="},"senderSigningKey":{"public":"BXh+Zw0ya73ahxRmzGyCnTwIDFyhvzuZTuAiPJ4c+FJb"}},{"senderKeyId":565668338,"senderChainKey":{"iteration":1,"seed":"D4WP3fWhdiaMC9JBp0b8Pj6ilVJjVSRr8hEMCUWy/68="},"senderSigningKey":{"public":"BY50fi2uOkl+cxQ+ebVmjVBikUscJR8G5KSvfUP+nHID"}},{"senderKeyId":989102737,"senderChainKey":{"iteration":1,"seed":"dW71iYr3/Oe+AWbcWsgMjZWH9fl2wSS59W67aYQ4EhU="},"senderSigningKey":{"public":"BT8Pr7uWLeCg52Bi8U0So1NIxBAEsZjKGpIjMIOpuohC"}}]