[{"senderKeyId":1824993277,"senderChainKey":{"iteration":6,"seed":"MhaxzVWdut5dtN5nb6vxKHM8k8QHlxNQHEQW9AM/coM="},"senderSigningKey":{"public":"BfW6ozBASdKhrMUYoykAepn9nRfgGx/s7TAIr4P0Zvt+"},"senderMessageKeys":[]},{"senderKeyId":920497475,"senderChainKey":{"iteration":1,"seed":"0cIhQ8xy50/HApzgI5965MPZ6+F6MeH+BqR9ChgCDwc="},"senderSigningKey":{"public":"BQqzYS5879zuQyEroLx5orXSQebyK/qmEgLpj9XImaZ5"}},{"senderKeyId":1438302825,"senderChainKey":{"iteration":1,"seed":"qdvISaJWNARvvcJ0I4+dtFIuMqJGME1+Zqy7hXPaOfs="},"senderSigningKey":{"public":"BZppZLK4gd4JB88K5QqO/491r1tyHV/mk1UN2G1MDIA7"}},{"senderKeyId":2001082350,"senderChainKey":{"iteration":1,"seed":"GFGXgKdziCBxnmWC1Qx9PebrcFptu7PDKnTDcu6FLYE="},"senderSigningKey":{"public":"BVcuz5nmdl0vQowmhup2QJGbbcwc3utLztDHtSnSL9hi"}},{"senderKeyId":688388692,"senderChainKey":{"iteration":2,"seed":"noQsv8ERywf7l/4E6cuDNUe93FOA6R5puYTiRP2KwUY="},"senderSigningKey":{"public":"BenkKr7pIMlrl5yQvzF8PEfWoPwfQAbNuPapppVRxvUO"}}]