[{"senderKeyId":1571393459,"senderChainKey":{"iteration":7,"seed":"W9oYFZZTB4sSD92a2tvoh5SQVFEdyi6R/6gOwsv2N8g="},"senderSigningKey":{"public":"BUSkBh0YEi04yAkTICVINOZksnHGK7ay2UTrrpnHonMb"},"senderMessageKeys":[]},{"senderKeyId":1571393459,"senderChainKey":{"iteration":5,"seed":"xVXJIzF7uxRWJQrGWTySJqX1+Hnpn75pQIygBMunjqw="},"senderSigningKey":{"public":"BUSkBh0YEi04yAkTICVINOZksnHGK7ay2UTrrpnHonMb"}},{"senderKeyId":1571393459,"senderChainKey":{"iteration":6,"seed":"V0dAxxkVxX+ClSUaYGguPKx8wQgINXL9mTw82/pcNLE="},"senderSigningKey":{"public":"BUSkBh0YEi04yAkTICVINOZksnHGK7ay2UTrrpnHonMb"}}]