[{"senderKeyId":515664129,"senderChainKey":{"iteration":7,"seed":"VZRslSIiyL8GegiCnQAVwgD2MgLCQ6Uwgb01V+76ygk="},"senderSigningKey":{"public":"Bcia8u148HnGMg53N0M0GmEom6EFuciFqtRato1kHxE3"},"senderMessageKeys":[]},{"senderKeyId":1589555720,"senderChainKey":{"iteration":2,"seed":"24+3eGMEqUUpgr25yZmNzKyj+gvVcn+WxtCwZnKeNdU="},"senderSigningKey":{"public":"BUcbofBut2mc0GQvMsUe1RR0gZ/apnbNN77dsGdD00Yx"},"senderMessageKeys":[]},{"senderKeyId":1589555720,"senderChainKey":{"iteration":1,"seed":"PuWaHtStW0sXUBsgzantRa+hFmvqueWKz8Gg2Xzokb4="},"senderSigningKey":{"public":"BUcbofBut2mc0GQvMsUe1RR0gZ/apnbNN77dsGdD00Yx"},"senderMessageKeys":[]},{"senderKeyId":1854864380,"senderChainKey":{"iteration":2,"seed":"ETGsWGuCY0aifLCy0MkIWoBr89ChVrqN6JWWNfe6KD8="},"senderSigningKey":{"public":"BQe5FzMXKREdSFb2NcDGO44rcD9UmCEWxABRjuIPAG9i"}}]