[{"senderKeyId":1739083432,"senderChainKey":{"iteration":6,"seed":"Yx8sTZ1o5rF2qu/0Qy29zI8t4zZ/dX11YeuQkNLH4GM="},"senderSigningKey":{"public":"BV++zdyZLazw5CcFqgn5czsDc6axIV7p5VY2uVd+KdJY"},"senderMessageKeys":[]},{"senderKeyId":1933286972,"senderChainKey":{"iteration":4,"seed":"LEF4E15zViv6jRhHzZBGm2vNZDX8vaEfaF44V5d5iWk="},"senderSigningKey":{"public":"BfibAmuUg9B92TYmGOukb5p0P87g/equrmDh6nPmyhBm"},"senderMessageKeys":[{"iteration":2,"seed":"Bte1JVI2JLDrXaDLrv/OBxCc+Jixulx9yKr8NK9I4WM="}]},{"senderKeyId":1933286972,"senderChainKey":{"iteration":3,"seed":"kDAR2xQUDCYatAuiGdytpalc1XTo1rYXtgzoa1Csc9M="},"senderSigningKey":{"public":"BfibAmuUg9B92TYmGOukb5p0P87g/equrmDh6nPmyhBm"}}]