[{"senderKeyId":999315417,"senderChainKey":{"iteration":4,"seed":"iG5iFXn5GlkSV7FTQxHoXG1FEUNiQWG+QMBQtUgcqiI="},"senderSigningKey":{"public":"BfKyZa2xnrH96QnwnxiXUkMYM4gWn3fbojHvpQqPPjBq"},"senderMessageKeys":[{"iteration":1,"seed":"vhhgPHyjWojDSWcA+weoGwPH/UFsXX1SqGGAC4CwORE="},{"iteration":2,"seed":"HWoNoN5Omb1zvdf9zpQSt7S0hCsUfRiL0ukNK1bQ+Ec="}]},{"senderKeyId":983595528,"senderChainKey":{"iteration":1,"seed":"tTpIGvb3JrIDyMZ0vBgHcpv+SP2mSlLiByQszd4/1Qs="},"senderSigningKey":{"public":"BfzymHJeJva59YgKkLx569KRiJpwmPeefBtaV1sWW2FL"}}]