[{"senderKeyId":483585202,"senderChainKey":{"iteration":3,"seed":"unl5w/OTXN3uNbGZbuV4zRCGYgbLVQJWz/reOXiJl/U="},"senderSigningKey":{"public":"BWjCNNBuLPfRKUPzP/RUX3gpkSn25ZVvR5HANUq7sZ14"},"senderMessageKeys":[]},{"senderKeyId":1934761570,"senderChainKey":{"iteration":1,"seed":"wwqeGvHXVaShmVobm7A0skr5GiZ/Fl5Wj8HIGVpiikY="},"senderSigningKey":{"public":"BVWLLAnONpDbVdglSnY+A4HZOuW0HMATAWOFvJ6PBypM"}},{"senderKeyId":1565963955,"senderChainKey":{"iteration":1,"seed":"EOrPUZi0RIc6/+9CWWwXSI6MkLIOmQcPtjBDjHBLDEc="},"senderSigningKey":{"public":"BdihQeC1W4VIWqWQJNMpybsEJ80HDtJFDeDzFnP44t1x"}}]