[{"senderKeyId":1194651267,"senderChainKey":{"iteration":2,"seed":"yrkS4tjGaMDyiFRgWsrA/L4LYb6zlrYFf2brgo7UFLY="},"senderSigningKey":{"public":"BSI8pB5c8M45lWYhY668bo/mB+uW476mKE+OVm+f2bwH"}},{"senderKeyId":551528500,"senderChainKey":{"iteration":1,"seed":"yhtYfV5F/0GkOQ9v/HETIN3t32qezVxTizzpbKG1phY="},"senderSigningKey":{"public":"BRfO/iJq/KVfud7ojUK2kjCI3Iq9VVRbFk306OZfz6x3"}},{"senderKeyId":2094725518,"senderChainKey":{"iteration":3,"seed":"pBqsj7ApEsQ1HUFZtNaQIISyIUAYwvXL5B53frEpFC0="},"senderSigningKey":{"public":"BWdUsaw3Vpf+Rxav9GV7XBsxnnviROlxk+vT9WJzC0Ie"}}]