[{"senderKeyId":792447250,"senderChainKey":{"iteration":2,"seed":"dgzH+u27QG9YWyXLFoZ224eE+PjoN+CR5SpnslynZPk="},"senderSigningKey":{"public":"BVOKeLvogH5uTmz3Si5p61TsOQu1rIh2j/nsxZddt1lJ"}},{"senderKeyId":109256596,"senderChainKey":{"iteration":1,"seed":"UkYAsY2QtPiyK/g64qcxngzKfMBf6JYzMrv0v51JHrg="},"senderSigningKey":{"public":"BYJwmA0LMoPYA2qf9f61cGYB5Xk5/z/j7ccpyBdAxF82"}},{"senderKeyId":468062803,"senderChainKey":{"iteration":2,"seed":"AGdZNT9xlt+h0T+/MXCa5YdyaBazfjF8W9DCD0JCX0s="},"senderSigningKey":{"public":"BUUPeuVlvPz3QZwRkPD8vaRPWmwrTLW/xOaNlWWFDQlM"}}]