[{"senderKeyId":524601114,"senderChainKey":{"iteration":16,"seed":"W1iFQdHrVw78+UOJP34Ju9nN3MFoqrryzSjP74X4odo="},"senderSigningKey":{"public":"BUk5WxXIgh11soXn/maMvYH2bjaZf6Umz2GeNft++qxs"},"senderMessageKeys":[{"iteration":8,"seed":"Wd70MCTKrYKjwl9gqSu+8xZmK5ny0RdRYj3QUZbSQm0="},{"iteration":9,"seed":"8sJ+uX6q40ZKgU0RM7akLfd7m5gUOoX0G0XvUPQm0Nk="}]},{"senderKeyId":524601114,"senderChainKey":{"iteration":10,"seed":"uzHZzDUk33OIN6f61hf/2dyYTY6o8CKVxG5CM4WRWjQ="},"senderSigningKey":{"public":"BUk5WxXIgh11soXn/maMvYH2bjaZf6Umz2GeNft++qxs"}}]