[{"senderKeyId":1764800140,"senderChainKey":{"iteration":1,"seed":"TdeRXrJVqScMuIl2P5oYJ9SIDdW/JPX+LhwfMZY2Ju0="},"senderSigningKey":{"public":"BfSRXKenk4VcRnGbW0iIVIWZ1Y7krZLPP+VJZ0wxNBwF"},"senderMessageKeys":[]},{"senderKeyId":1168609855,"senderChainKey":{"iteration":1,"seed":"5ghFUURXsLixWxcez0TJxlrjAiAOIDF/ipakA4QWK6o="},"senderSigningKey":{"public":"BbaZ+VqR3ZLkP/ltsO552meRG8gLhWj5RMoHBD9dwtxs"},"senderMessageKeys":[]},{"senderKeyId":2097569799,"senderChainKey":{"iteration":3,"seed":"jOKVoyfBMrtQXeCipwHJr65qc+FgMnuDdu72ukJgikU="},"senderSigningKey":{"public":"BUTnn0MggUimdcEe/TWISs14JWg/W1yPU+XlqjyAXtwP"}},{"senderKeyId":487900156,"senderChainKey":{"iteration":1,"seed":"dt4Mcrv0VtK0gZWHZwc0FVVsy27z7IEuu7Ic7ii+CV8="},"senderSigningKey":{"public":"Bee1Mf2eT8rwBMdvMB2boOySzT/v/Nnawip/ndphwkIS"}},{"senderKeyId":292131345,"senderChainKey":{"iteration":0,"seed":"3GluIoJRwbNJkl7jBCf4x/I6kfBaB2qkhItI8IDPPMg="},"senderSigningKey":{"public":"BWfL/FttzR8D1KlA1bnjYobIw0LeLXqfUMp09zaWq7cS"}}]