[{"senderKeyId":1654395436,"senderChainKey":{"iteration":1,"seed":"dyapRUEdwlcfq/gh4PIralwC7EJ/BAzs+5XZeWExf9s="},"senderSigningKey":{"public":"BZMICKAgnKxEs//8SHpuONmbWmn7ptacXT/zDhWMCwAh"},"senderMessageKeys":[]},{"senderKeyId":1975602606,"senderChainKey":{"iteration":2,"seed":"C/6cZJxWz3c6H/1H8Xs7Hs/7PBOuxf0l0F8xa107BhE="},"senderSigningKey":{"public":"BYLZtsSjL5bA/XFmYh4S9BKU6KDbbyPWf6ZZSPKcBFo7"},"senderMessageKeys":[]},{"senderKeyId":659943607,"senderChainKey":{"iteration":1,"seed":"3KUbbkk5hnfLhRjCwQro0YrzojWznzSdJqpQ5boEh8Y="},"senderSigningKey":{"public":"BXz1fK4Xpeypu5z6J9By6im3uRT0ATMcty3hsbn5RPxf"}}]