[{"senderKeyId":524234078,"senderChainKey":{"iteration":1,"seed":"uwYJVR62cNvhVTsFDfH3wE00CSMhiQAx9E7P0C9ScTk="},"senderSigningKey":{"public":"BSK73hmc6j14K9E0vjJmclSxqXzw+RTjNyEgVNplWxpt"},"senderMessageKeys":[]},{"senderKeyId":655842699,"senderChainKey":{"iteration":1,"seed":"NWecYOpmB1gxmRvwjHaKQAe78Oe2/QjriOWuBOsO/Wo="},"senderSigningKey":{"public":"BfPkI1tkyDlU098p/pbNSaaAGL8Mkgtu2PKyoIvyjtYr"},"senderMessageKeys":[]},{"senderKeyId":773269637,"senderChainKey":{"iteration":1,"seed":"WzDEhK92GTJmNI+iwHUPP3Mlcka8HaAFbxKG5q5s6Io="},"senderSigningKey":{"public":"BTmfE2OyHF82667Xg+DFI7HfZfzmZQFLJq35Nk+n+/o7"}}]