[{"senderKeyId":75311008,"senderChainKey":{"iteration":7,"seed":"EZXo+oZ0yDf7DpfzSZGAax8/lbl4ZVxGV0N2G5BDItE="},"senderSigningKey":{"public":"Beiy0LgmIQSZRCTd14iYF8pwN+5/mDI0ILJHKEtWiOZt"},"senderMessageKeys":[]},{"senderKeyId":75311008,"senderChainKey":{"iteration":3,"seed":"TbDK6jzHDIQZ2etTHNGugfEw8PzCK/GhygBpCPI+mrM="},"senderSigningKey":{"public":"Beiy0LgmIQSZRCTd14iYF8pwN+5/mDI0ILJHKEtWiOZt"},"senderMessageKeys":[]},{"senderKeyId":75311008,"senderChainKey":{"iteration":4,"seed":"CA8fFlBZ0ZUuCGJ2rh7irj1mtwzfPnlVnY+lrTw7a5U="},"senderSigningKey":{"public":"Beiy0LgmIQSZRCTd14iYF8pwN+5/mDI0ILJHKEtWiOZt"}}]