[{"senderKeyId":1112045433,"senderChainKey":{"iteration":3,"seed":"5ZQA0NHjUUL5VKR4XFjpyDQeJ+piqqA9SFMY09zOmIE="},"senderSigningKey":{"public":"BX5sQAGwF1joznIyNRUxn5z7tzEPsg0hTwzsy3OPYrRE"},"senderMessageKeys":[]},{"senderKeyId":1112045433,"senderChainKey":{"iteration":2,"seed":"L2kD4M0AeiX9ZHEEaDhABKfON0eXFpihEtQ/zdP4Ktc="},"senderSigningKey":{"public":"BX5sQAGwF1joznIyNRUxn5z7tzEPsg0hTwzsy3OPYrRE"}},{"senderKeyId":2078048256,"senderChainKey":{"iteration":2,"seed":"F9oXi7KVJD2vKqcshrDhyz2ZTDN8PAtU+K2Yz6nZoRo="},"senderSigningKey":{"public":"BTZ04INmXVQKMw7TzQ6JOk6BPBw0N9qWmX7M+zPzJpcJ"}}]