[{"senderKeyId":37660621,"senderChainKey":{"iteration":1,"seed":"Qkq6kUthga3aKc69Bl35Y4Zd8wItIp5Op9uABe/1PdQ="},"senderSigningKey":{"public":"BUt1L/cPgiBemtF3yCYByk24aoSBHOgUt632Oh7/VgAv"},"senderMessageKeys":[]},{"senderKeyId":811869550,"senderChainKey":{"iteration":1,"seed":"zXg81+nIcc5Sg6D3Of1cg6uMi9ZS8muE1RGOVjg6/Jw="},"senderSigningKey":{"public":"BeUw2GuUTj8H2M6YsUTVQcdlTseSBEWagbkmLyNVlTNc"},"senderMessageKeys":[]},{"senderKeyId":1463279511,"senderChainKey":{"iteration":2,"seed":"EkMDkjRPtIdNyhs9lZ2Am7wRPsTdH9PDscw8rCP7iMQ="},"senderSigningKey":{"public":"BZ6XZSL/X+T2xJ1CCvPVMrc/EmQ9DYI3fKKvBjWgs49M"}},{"senderKeyId":32186160,"senderChainKey":{"iteration":1,"seed":"IhYJLMSAgcIW3FDagHEdOe//29AtKK8vuszn74lLO6U="},"senderSigningKey":{"public":"BbasapitlxnL3nb9cUsMxZmvxQJDV0Z2EfR3OAm2kkMW"}}]