[{"senderKeyId":1418054597,"senderChainKey":{"iteration":1,"seed":"+nD6jGLhTMCfwVgpnSlCc81az3K+791kZOBsdruYydA="},"senderSigningKey":{"public":"BW5Co2uapUn+IeYYp5dEySCz7lrqtGiHAUJctJ2hFxFa"},"senderMessageKeys":[]},{"senderKeyId":2115920340,"senderChainKey":{"iteration":1,"seed":"OYB8dl2tZ9AoDfRV2l2dKPKryrTVlWy9de1tnIf1ieA="},"senderSigningKey":{"public":"BajhnZxgK2pzNv8lsbsNl5F191T8k8SmHKd+ZoLFhRs0"}},{"senderKeyId":1138362759,"senderChainKey":{"iteration":4,"seed":"+BQO5MAtHMt2t+wOS3KDkMK3nCGwkVelfruQS8BYvtE="},"senderSigningKey":{"public":"BZ/SRIacaefPJIR1mhf94e1eU4XLaNMfavN1NiyK3hcP"},"senderMessageKeys":[{"iteration":1,"seed":"mDn6w1VD/cO0Eau/5qq3dHTE0TK/fBqiTuwITx+A1pM="}]}]