[{"senderKeyId":7211556,"senderChainKey":{"iteration":1,"seed":"cPZbiJcSM3JN7JjqwNYV5uTlSkQ5xsuzo5/nDC3ZG9k="},"senderSigningKey":{"public":"BQ6RTSbmVWy3qBU+xDOzPy59+FbEvRE9Zx6gcBmwmZQc"},"senderMessageKeys":[]},{"senderKeyId":240866039,"senderChainKey":{"iteration":6,"seed":"S0cx+CPbMC/Lf97mVNBy5xSY1Ny5dCoJ5ZQ6rEhxOMI="},"senderSigningKey":{"public":"BVl49k3DnnuDOsNXGRZTwoM38mym3QVZOrFEq9NvNTRH"}},{"senderKeyId":240866039,"senderChainKey":{"iteration":2,"seed":"TjiZkA4drJ7+/zILWstbODKe8Jg0TxLNdRWwspaCLxw="},"senderSigningKey":{"public":"BVl49k3DnnuDOsNXGRZTwoM38mym3QVZOrFEq9NvNTRH"}},{"senderKeyId":240866039,"senderChainKey":{"iteration":4,"seed":"+2aPEHiUzUQKCTwl4W/W5fQqLB2DTTkPv+FGJdCDuxM="},"senderSigningKey":{"public":"BVl49k3DnnuDOsNXGRZTwoM38mym3QVZOrFEq9NvNTRH"}}]