[{"senderKeyId":1146879032,"senderChainKey":{"iteration":2,"seed":"CpzPJO1t/Gzyj5u9lxMm6YBnpSnr0ADH19y0Mne40M8="},"senderSigningKey":{"public":"BQ3Ur0onhDvhwSj1qdWOuzK+4hhyGdeFkiEWhxnR9lN4"},"senderMessageKeys":[]},{"senderKeyId":622694023,"senderChainKey":{"iteration":3,"seed":"v+/nQLstUUru67VwuFaOundcPzROPceHPkcfh4OUWUk="},"senderSigningKey":{"public":"BQbmeWqJe18FU1bRNqO3mYDcmgX2M4p4xevzMxNgJUQy"},"senderMessageKeys":[]},{"senderKeyId":1389269454,"senderChainKey":{"iteration":1,"seed":"zZsCJ5ezNyw70oQq20cTGJsl4T2vtucYzYdrNz9+zhc="},"senderSigningKey":{"public":"BejeXeBSnsDmyXrc/AGCk2aKvX70cG1fF28vgwiZgxBD"}},{"senderKeyId":997049400,"senderChainKey":{"iteration":3,"seed":"O37Oo8MIqgSZaSU2ySUqv6XjnOrc3uqdddaOOvhKq7s="},"senderSigningKey":{"public":"BXGQrIbG/ZLl/DsyO6r6dqTm1TY96Cua99728vJjcbJN"}}]