[{"senderKeyId":1555681763,"senderChainKey":{"iteration":1,"seed":"LP1uvGg8IfSVwvByEElMeQVc3b3iqeYzca/gioVK18I="},"senderSigningKey":{"public":"BaQnP77oabGszEc9aHedGVrUBShykwLScfeaw/Y0fn5o"}},{"senderKeyId":523654190,"senderChainKey":{"iteration":1,"seed":"bb3Z2ZQNtIoPZ5H1C0/kXkCv1M4yPb8PFlsWk1Z44SA="},"senderSigningKey":{"public":"BZ4vJdwvqQJBEpU47zVEgGWT5liiiPJlA5dZBvc/W9cr"}},{"senderKeyId":422534926,"senderChainKey":{"iteration":2,"seed":"ceUfb304/g/8VK0ZqSC1hoXSvhGj0L0NzdyohV18yrk="},"senderSigningKey":{"public":"BbVT4uAbbALhYTbfaWAGmgWxBOwxqzf+jnRDSllA1gA+"}},{"senderKeyId":229251320,"senderChainKey":{"iteration":4,"seed":"kHwxL21efP5eYITxmn5wYbsJUdAJ+J+0Qv9YlX7Ci+M="},"senderSigningKey":{"public":"BfY9sRcIJd581yESmuquE/2kqTDHFLazy42uvtVdJQYk"}},{"senderKeyId":687672289,"senderChainKey":{"iteration":1,"seed":"yruh34OM6o2f1pvTi5ZJiHLGtOhX5sWaxIPr93XTMNA="},"senderSigningKey":{"public":"BTQI0K4NRb5gFCPp2Pbr6ZB9aHNugsORyTKfdB11PZ1K"}}]