[{"senderKeyId":390190558,"senderChainKey":{"iteration":7,"seed":"2bZ1L2figCraFdYoqz4B+C/iEk8e5DUkxLtYFgkhm4A="},"senderSigningKey":{"public":"BcS/XFNBBgh9hhYUDjW++K8V1wGPbq/H3Bvhxhob1S8l"},"senderMessageKeys":[]},{"senderKeyId":331655416,"senderChainKey":{"iteration":4,"seed":"fBRONIjhssKhLmTdou+i8nae32l6fXCQPqu+G/Kl2RU="},"senderSigningKey":{"public":"BScdT+8hPz24w8nifQfir22ASDRJgefvIUIUDI8F8fxs"},"senderMessageKeys":[]},{"senderKeyId":331655416,"senderChainKey":{"iteration":3,"seed":"yDSEoQOtjiXX+Lk0uzBWw6EdbkaNiuCLx68kr7QlXD8="},"senderSigningKey":{"public":"BScdT+8hPz24w8nifQfir22ASDRJgefvIUIUDI8F8fxs"}}]