[{"senderKeyId":401919071,"senderChainKey":{"iteration":6,"seed":"XJX6zq1aKbLzKZMY2d8Ce+/5s47Swx783GFwvjEF0bg="},"senderSigningKey":{"public":"BWH7oud9zGypnvCmO4jqcoM23URCv6mRiSZSdrezhUwV"},"senderMessageKeys":[]},{"senderKeyId":775546182,"senderChainKey":{"iteration":4,"seed":"2ffzIim7fN1oFVGVjaaGihFlfB9/NG2qJAcHKLcaS4A="},"senderSigningKey":{"public":"BSng1GC4ZFuwq4rTwcVLxBPOjIkbekR/OawO3mHmoBx8"},"senderMessageKeys":[]},{"senderKeyId":1790008368,"senderChainKey":{"iteration":6,"seed":"bIvCJ3arO83HTIVVyQHXM+XqEJ7/BjiEBlwROn4Kdv4="},"senderSigningKey":{"public":"BRV0mUHXabP+4JTrc8g6sLLz7tkRzI1vIgJObaogsjYG"}}]