[{"senderKeyId":1479464514,"senderChainKey":{"iteration":8,"seed":"rk7jLEo5vbnhAp2nysE2baYBavUByJdfAj5RHTKBAk8="},"senderSigningKey":{"public":"BYCB/DKQqRS6078pxWOJsGY7u3KqkHqvFXhoUD/j35to"},"senderMessageKeys":[]},{"senderKeyId":282734955,"senderChainKey":{"iteration":1,"seed":"Q+V3qAGFm8EgDsf8LrCy97K5Xe5HMqiMk6GqNV7qXWM="},"senderSigningKey":{"public":"BSaVxVGljwjhc5KvlbO3i3qrs1M+mxFcvkZbUNjG9vZl"}},{"senderKeyId":657452863,"senderChainKey":{"iteration":1,"seed":"qSU2LA/b5KifWU89PJ5w4BD5A2Q5zKmzC7E9g7iUtbM="},"senderSigningKey":{"public":"Bf/AwuYmehn2a1PpmMiPhV7FyM0pAgYHvcHkB5BpcWVq"}}]