[{"senderKeyId":1778440841,"senderChainKey":{"iteration":2,"seed":"pFqA9HnhlTSsHrBIDot2PpVvRn9Imj5XTN1y1rgVKRE="},"senderSigningKey":{"public":"BSthRZfVs4f14Epp+EgEJmYXYFulXDRXQqWbZHqK1uhm"},"senderMessageKeys":[]},{"senderKeyId":2019043001,"senderChainKey":{"iteration":1,"seed":"nnoSphyQaRVkuDKG4IyfH0Ej6YB5Mcf+ZaifcLyE49I="},"senderSigningKey":{"public":"BaLWuKmOjwCdcl3Tvf9/8kiWw+TVS+INEEIV9+qc2PB+"},"senderMessageKeys":[]},{"senderKeyId":578974030,"senderChainKey":{"iteration":1,"seed":"T4ZdXvm4P7pP3bZ7q21K/g0xnAe5kinSuom9uEWgm28="},"senderSigningKey":{"public":"BXpmKVgk3GA8M0gPT7roNglxMantIJejBv+Mdpl8gJd6"}}]