[{"senderKeyId":302069148,"senderChainKey":{"iteration":3,"seed":"nIGA9byiMOsy9wCYE+ZzISDZP4EowIOrBkfRgRSEXeI="},"senderSigningKey":{"public":"BTVV0GouH7Xr3nOkV0RkWPpj5ZTOpYTAvmKuMFQc06MT"},"senderMessageKeys":[]},{"senderKeyId":1665962200,"senderChainKey":{"iteration":8,"seed":"1RkjGkVtW7QVnctkdaVRz4rYE5ICygZBuzGaNr7HQaY="},"senderSigningKey":{"public":"BTIsUwP3GwDCwX9pzzszKAtM8y85pMBdMP+f7QA+fnNc"},"senderMessageKeys":[]},{"senderKeyId":110954870,"senderChainKey":{"iteration":1,"seed":"FwiztVy5ThKUqQNO7MP2GGkweBdodSk2rtCA02nBO2A="},"senderSigningKey":{"public":"Bfbh+CAS+0oRKd29Y7AelQK6C1fbBIggQD0bpwtqpj4A"}},{"senderKeyId":591732239,"senderChainKey":{"iteration":1,"seed":"XozDEyTNqgNRAG/KpHAP/aZuD1hFEZoZP0mivBvBjGc="},"senderSigningKey":{"public":"BTGNVWAU6VfWKWriRpK5t5uLuQFTWvgyMHQUv4zyFvx9"}},{"senderKeyId":1023050558,"senderChainKey":{"iteration":7,"seed":"S5Pfk5Yx8R7qIQE6Xziy3Uw7KcHLWkfBWnUHb6lJ0rY="},"senderSigningKey":{"public":"BXLZ5nS46ijXcHhfJfM2BVhfivMTjZ/j0VoL77xONSoX"}}]