[{"senderKeyId":183246226,"senderChainKey":{"iteration":1,"seed":"uVXrAqNPmgyHqoVibIpUM/N2EZjkyHKrA4lH12ov3o4="},"senderSigningKey":{"public":"Bf7h//0KDAkejOmJeKEvS7x6rjhyVVwlyGQwbbRBQd5g"},"senderMessageKeys":[]},{"senderKeyId":1389684401,"senderChainKey":{"iteration":1,"seed":"Cloxe31WFxBhQlwXwo7SmW0+SEJT/DpYrfkygJUzlOg="},"senderSigningKey":{"public":"BSmWdJz7lCC4ZXkwDSIvI7TuXHd3x697xvdVFQdDu1ID"},"senderMessageKeys":[]},{"senderKeyId":1763446727,"senderChainKey":{"iteration":1,"seed":"xICCMsf4RDxHuk6H5UCPiYHGnbkuiIc/zoKGN0qLPm8="},"senderSigningKey":{"public":"BZsFqS8zVHpVoHg2lMN+b+ftwaqYz5WgQIrA1HUUebZ6"}},{"senderKeyId":815413650,"senderChainKey":{"iteration":14,"seed":"+HHB2Nqp6j6v94IeQRgx1+Wfsj2Bnjj37pLQelBNQf8="},"senderSigningKey":{"public":"BZnhxsL05Sm2Z0G2zcMug+Tos8lO2RtL1+0MDoQMuUET"}},{"senderKeyId":1405134491,"senderChainKey":{"iteration":2,"seed":"IW38z/VBdESNuopMo4GRh9y8r06B8TDYqVfy+U2z5l4="},"senderSigningKey":{"public":"BYle3KsAEuqahSQmGc3FNUuTw0PAbWQvSgkOZf6hYRhl"}}]