[{"senderKeyId":1528774673,"senderChainKey":{"iteration":2,"seed":"35Zy8wUhzBeHyBydCyBNMe+CrPrCYmSrzgs4HroW7M8="},"senderSigningKey":{"public":"BQVmBpCHTElkM/wOS69FEtXO64pbd7s80w7Bm8Jhdnhv"},"senderMessageKeys":[]},{"senderKeyId":1779802833,"senderChainKey":{"iteration":5,"seed":"4NXBGedplhtzPAc1LSpVJgQFPaWjGWoiRzA7XwMfTKM="},"senderSigningKey":{"public":"BaFCTu3Kb7MSsZXYsoUlkiMO8OnX4PwAvUJ8By77LEo1"},"senderMessageKeys":[]},{"senderKeyId":646676169,"senderChainKey":{"iteration":1,"seed":"voXYohTv6X/CHGXPSFnrYVam2ci7Ku9/qS3qIY9UIW4="},"senderSigningKey":{"public":"BbWYesXwMA1DT1CKQz4j96H/Oua1qC4z83eEdVDfouBX"},"senderMessageKeys":[]},{"senderKeyId":1716241541,"senderChainKey":{"iteration":1,"seed":"L1K/K+SJXWaBPPgG1a0mn7enpzpUDPtax4rW8P0KoGQ="},"senderSigningKey":{"public":"BWvvvrYiSntYkw2EpWwrIOPoSaSgaeP8jEG7OvwCbPAG"}},{"senderKeyId":1252417525,"senderChainKey":{"iteration":1,"seed":"o/HQWL3kcYGCxFoBeLkBjj8GtHXChoA/VkVKYkR8ovE="},"senderSigningKey":{"public":"BYxmmNZLeP0jkKVXZnYNye+7OZK796IdGhBrN5AUQFBD"}}]