[{"senderKeyId":1324991225,"senderChainKey":{"iteration":3,"seed":"QRA4Xa1vy0ID6zNUGYiSAHKyp5Yddz1nl6SJiPId2Yc="},"senderSigningKey":{"public":"Bb3TZXOJqNGSVtCICldmBAKTCbZMcxg0JP49cRxxp/1S"},"senderMessageKeys":[]},{"senderKeyId":1713658425,"senderChainKey":{"iteration":1,"seed":"ZVJYPrXw+OgYEqnghMk2UrB7QG+AyxwLQxdWCv5ZC7M="},"senderSigningKey":{"public":"BRz3MQU9UYaGD7BIJGf27yJ4vS2MDnkUgw9NQr/9pAYe"},"senderMessageKeys":[]},{"senderKeyId":1861008351,"senderChainKey":{"iteration":3,"seed":"g0SkmofxW8+AawL6zA70L7bxbNvPOVL5Q2jOZYIOfrc="},"senderSigningKey":{"public":"BVhULei3AZrVCe7WJq9/SzKYY2Q1+lip0rsF8lFf2G4M"},"senderMessageKeys":[]},{"senderKeyId":1046479454,"senderChainKey":{"iteration":2,"seed":"mnp6VChrKtagYVxJ85upQOtW+PcWlsTH6HbZL6JEvis="},"senderSigningKey":{"public":"BUM1qqkPCuvGFND72U/YM+9/ziQnQljQQS+XwWQmZDUU"}}]