[{"senderKeyId":977048694,"senderChainKey":{"iteration":6,"seed":"gEFFxYHRsumE4Xrf+RhqlP5R5XzxHcZTSdpTjOxP5jM="},"senderSigningKey":{"public":"BXQNvoH5G92ikD9XyoZYY0FrspaIFyR+3jrsF/XpsfwF"},"senderMessageKeys":[]},{"senderKeyId":1054876061,"senderChainKey":{"iteration":4,"seed":"CYJP53ucRuURtKetBE3NEYweWZXRcDReJQvNehlsDXA="},"senderSigningKey":{"public":"BbIpTzCEVequnnuOzhe8eash40dLGkM5GFP7CcJXEHVJ"},"senderMessageKeys":[]},{"senderKeyId":1054876061,"senderChainKey":{"iteration":2,"seed":"UJLjWkd7K4Hlno9O3PQdfn5034wQDIEeRAiqc5BbRcI="},"senderSigningKey":{"public":"BbIpTzCEVequnnuOzhe8eash40dLGkM5GFP7CcJXEHVJ"}}]