[{"senderKeyId":907901603,"senderChainKey":{"iteration":2,"seed":"J92pJRktM/14UXDy+0Bqs2I5pipnSS2i9zQRl8jPtQU="},"senderSigningKey":{"public":"Bai6XPqBstmz9Iv/UQ20PvgI70FtgoyFTzginrtLMQsJ"},"senderMessageKeys":[]},{"senderKeyId":907901603,"senderChainKey":{"iteration":1,"seed":"8mQSJfy8k6zE9LAzaZMOUwR6hWmxmu5Vae3TuROL4SI="},"senderSigningKey":{"public":"Bai6XPqBstmz9Iv/UQ20PvgI70FtgoyFTzginrtLMQsJ"},"senderMessageKeys":[]},{"senderKeyId":1546140991,"senderChainKey":{"iteration":3,"seed":"rUpILGvGlW4/dJ9WRCRRWcM+vj13JxkxbebE1idYVo8="},"senderSigningKey":{"public":"BSFcYndPtNRt46XYhLtlGTrdwj693ywcEwNesObmjTUv"},"senderMessageKeys":[]},{"senderKeyId":2029638030,"senderChainKey":{"iteration":1,"seed":"3bOPgASltzrcV2LxHCNdTMK7H/XNIu6Xke9B17PHIqQ="},"senderSigningKey":{"public":"BTGl0b81dkVX4ONz/ZoQgtQeoScFNC58Rs9yZb/i+/MG"},"senderMessageKeys":[]},{"senderKeyId":1031854665,"senderChainKey":{"iteration":2,"seed":"5rIRtRbCbCbXHBSL1k/kySvJ6LTd+YK6z15ai5jo7SE="},"senderSigningKey":{"public":"BWMgCZWKis+XmxroK/29TKEmoRn2IIIqXTTcy8Z+J/R9"}}]