{"_sessions":{"BeTxbj0psuNAhOr7r6y2Vc422pzP7E6BJeUC8vXC9U4U":{"registrationId":2026355563,"currentRatchet":{"ephemeralKeyPair":{"pubKey":"BR+dY6c9tUA4NUDU9qgiqjI3BYhDE8byXWSIHA3zJgpX","privKey":"iFEfVwF1eX3Agw0dot5/RMEfGFX9R1xMyaw5qV8cEmk="},"lastRemoteEphemeralKey":"BeenqjYIMYlX9FdlyByiTVloGSEjS+Z3J5CS45Pt7e10","previousCounter":0,"rootKey":"yhF2K3iK0jOunVuRIbdjDMe67ZVLJLl0ZPHRvIcNVGQ="},"indexInfo":{"baseKey":"BeTxbj0psuNAhOr7r6y2Vc422pzP7E6BJeUC8vXC9U4U","baseKeyType":2,"closed":-1,"used":1753439851108,"created":1753439851108,"remoteIdentityKey":"BW8s4wYm6Nn4hzUp7MSq4GkeN3GAT0fDayDpDaQBHr1Z"},"_chains":{"BeenqjYIMYlX9FdlyByiTVloGSEjS+Z3J5CS45Pt7e10":{"chainKey":{"counter":2,"key":"fY/O23znsASRpTzJGCCQeEQLHxlfyWgiNUKg58yJ6vA="},"chainType":2,"messageKeys":{}},"BR+dY6c9tUA4NUDU9qgiqjI3BYhDE8byXWSIHA3zJgpX":{"chainKey":{"counter":-1,"key":"I2EKlK527yQKTm1tkTpS3hg75Q/uEW++LLsM/HVct8I="},"chainType":1,"messageKeys":{}}}}},"version":"v1"}