{"_sessions":{"BcdM69GtBnaPLHjH+Wv5soIjUvLpj7qeC814mnUNdSd0":{"registrationId":133525291,"currentRatchet":{"ephemeralKeyPair":{"pubKey":"BRVVVj9MI8uyjMxdLRd3/fa1WAo3rEhKpNYIHt2pPxko","privKey":"0GgmxF0hNZzIzs6zfhSr1srUb01/UEgHj8qXF2pGk3U="},"lastRemoteEphemeralKey":"BY6yuftT7pm014D7vKTvEI2zNbd3sQdwsBwWijPSDVh+","previousCounter":0,"rootKey":"qoEBCoUZ6yC3GNjDqS8I6Y7pwH8IMV9sfl1F/HyqT4o="},"indexInfo":{"baseKey":"BcdM69GtBnaPLHjH+Wv5soIjUvLpj7qeC814mnUNdSd0","baseKeyType":2,"closed":-1,"used":1753439886476,"created":1753439886476,"remoteIdentityKey":"BeJwA5plBfe8h71jfzI1JKkxhN035WxDPX6wnpoW/X5e"},"_chains":{"BY6yuftT7pm014D7vKTvEI2zNbd3sQdwsBwWijPSDVh+":{"chainKey":{"counter":0,"key":"UB6QVj4oKORSR/zHf8jIStWT7K42vFDF1u51RKzpsU4="},"chainType":2,"messageKeys":{}},"BRVVVj9MI8uyjMxdLRd3/fa1WAo3rEhKpNYIHt2pPxko":{"chainKey":{"counter":-1,"key":"8z+4l41Asf3QO9pzcM8nvYsj2ruluC3gvttTtjPdY9w="},"chainType":1,"messageKeys":{}}}}},"version":"v1"}