{"_sessions":{"BWJna4+EUybk2DuePv9cx19/mirVfx+Ad6ssWCD/Py4X":{"registrationId":1982201030,"currentRatchet":{"ephemeralKeyPair":{"pubKey":"Be9k0notsl3GCbKD+O4RqHd227TV1s+m5CkQ6gwfTPR6","privKey":"0OP9VAgct5QH4NKx1NDIU/GpHSWimhaTtmIjv28GCGU="},"lastRemoteEphemeralKey":"Bc/FpTUhlS6xnD7yJ/L8hUuRwxhwMNmuaqtVoDdXHFAw","previousCounter":0,"rootKey":"lVEpvFdjErtwsZqH4F1Znu5HyTQWXYnBTb53B5Zd9kg="},"indexInfo":{"baseKey":"BWJna4+EUybk2DuePv9cx19/mirVfx+Ad6ssWCD/Py4X","baseKeyType":2,"closed":-1,"used":1753439902570,"created":1753439902570,"remoteIdentityKey":"BX+I//se33ax9GQf3p7qt1MLNacqU7UeTa4hKyu632lG"},"_chains":{"Bc/FpTUhlS6xnD7yJ/L8hUuRwxhwMNmuaqtVoDdXHFAw":{"chainKey":{"counter":0,"key":"ZENHD+oTm+x+cHIkZzbHSh9ZQX2AlC8J3ZPYkRtILH0="},"chainType":2,"messageKeys":{}},"Be9k0notsl3GCbKD+O4RqHd227TV1s+m5CkQ6gwfTPR6":{"chainKey":{"counter":-1,"key":"fW28RFgbFKbMVA8r4aWU794PEqPTn6VqBe4N/HXI0Bs="},"chainType":1,"messageKeys":{}}}}},"version":"v1"}