{"_sessions":{"BW80elRZ09y4YAwqo0u79JqSZBD+w7P1KwiLDEoS284k":{"registrationId":875455291,"currentRatchet":{"ephemeralKeyPair":{"pubKey":"BX7UdNREo6P2Su8CIOP79HfxI8fb2Nyi5TDuBMS/V9NE","privKey":"8JHirJlgR1sr2tdd4e1kpEGcz9HxBR0c9CO6XHsC5GU="},"lastRemoteEphemeralKey":"BS6nSUr0xj2yuKxoNOXpeKirD0sejY5+8c/hjxHkwMV7","previousCounter":0,"rootKey":"5tbdPCwaqW770IwzzI3jVfNacJ9MgkFY6W6/MlX8m/k="},"indexInfo":{"baseKey":"BW80elRZ09y4YAwqo0u79JqSZBD+w7P1KwiLDEoS284k","baseKeyType":2,"closed":-1,"used":1753439833736,"created":1753439833736,"remoteIdentityKey":"BXn9c1ouqd1kkzILKTgzZUcKC3mOKExN4df/c2bCHSVv"},"_chains":{"BS6nSUr0xj2yuKxoNOXpeKirD0sejY5+8c/hjxHkwMV7":{"chainKey":{"counter":0,"key":"bjgvcLeuLhc3Q8AclUGY7U/ETB7BRIt1VSnW0fO5efo="},"chainType":2,"messageKeys":{}},"BX7UdNREo6P2Su8CIOP79HfxI8fb2Nyi5TDuBMS/V9NE":{"chainKey":{"counter":-1,"key":"fxDQxSwGkxTy5rwmCH6BJUOe6x45n1LKLthOY2S3W9Q="},"chainType":1,"messageKeys":{}}}}},"version":"v1"}