{"_sessions":{"BVzl8irCmnl5aMHyo9PifLLLxDawUa9AURs45+C9CsMv":{"registrationId":201331363,"currentRatchet":{"ephemeralKeyPair":{"pubKey":"BbeyT/kQP4QkGGcrMXWAyvGwuW9QdGh8Kjt5aanlFfJt","privKey":"WOT+EiY6B8bnE0S5dFrpIXIADEgdkhvCIPBbflI9K0A="},"lastRemoteEphemeralKey":"BSwNzOt8yQJb9rjUg/mESumTkeGpPwm9KybV3PUldl8Q","previousCounter":0,"rootKey":"G2BPGnfepmL0z+10MGjO8ZDLYbPc9JaV8WT02foFKWc="},"indexInfo":{"baseKey":"BVzl8irCmnl5aMHyo9PifLLLxDawUa9AURs45+C9CsMv","baseKeyType":2,"closed":-1,"used":1753375626620,"created":1753375626620,"remoteIdentityKey":"BQm2Yo7d1cskvbuooHEu1dBLCOvpX0Y2HgkJmCZn5dgb"},"_chains":{"BSwNzOt8yQJb9rjUg/mESumTkeGpPwm9KybV3PUldl8Q":{"chainKey":{"counter":6,"key":"IUkz3sG4E8HWmryX5fxCe4h1WVzYgLC6czjmbffBosc="},"chainType":2,"messageKeys":{"1":"/0Uza09DLjIUzxrXs4kqCchLl5PWGwJzRt3yUcwp+bc=","2":"Hes4+Myz58+3xbW2XrHms/cOVzmC0PO4++d76tSKZok="}},"BbeyT/kQP4QkGGcrMXWAyvGwuW9QdGh8Kjt5aanlFfJt":{"chainKey":{"counter":-1,"key":"s4lIgK4EszzSnDZFkaNSvCexPbWN/4aV3txokt4C4/8="},"chainType":1,"messageKeys":{}}}}},"version":"v1"}