{"_sessions":{"BQQP8FVneAiSmPC+Yi3/v/RBWW94O84NHWqrWCZ+J81N":{"registrationId":119306607,"currentRatchet":{"ephemeralKeyPair":{"pubKey":"BfMkX8OdQBg/isHlFR6LFQ6FJ6PF9aS6/Xw/UgDU38kt","privKey":"qI0RqMjJMnsFoODKGKWwkCmTDf9c51H/7hsmWtBNbWI="},"lastRemoteEphemeralKey":"BSSbx0iTjsKkaYIiOzyf1X3rS5x3tQBN1U5hDLXMqrdw","previousCounter":0,"rootKey":"z0rxSNNc3gY+sJIeuxNq50geQkaL4tMuDCZ4+kSIl7Q="},"indexInfo":{"baseKey":"BQQP8FVneAiSmPC+Yi3/v/RBWW94O84NHWqrWCZ+J81N","baseKeyType":2,"closed":-1,"used":1753518852379,"created":1753518852379,"remoteIdentityKey":"BWqb48J+/h8hRDBISxpSFKyZOiLvZDv/dQs5Hyf5mEUI"},"_chains":{"BSSbx0iTjsKkaYIiOzyf1X3rS5x3tQBN1U5hDLXMqrdw":{"chainKey":{"counter":0,"key":"ZWmhcB9iBL7XhcjSfjzqbgWRV02sA3c13fEBKws3BeA="},"chainType":2,"messageKeys":{}},"BfMkX8OdQBg/isHlFR6LFQ6FJ6PF9aS6/Xw/UgDU38kt":{"chainKey":{"counter":-1,"key":"mlVuBnTBkMk1nxrZyN12Yd50QMjcNwmoYNuZt/7Ejiw="},"chainType":1,"messageKeys":{}}}}},"version":"v1"}