{"_sessions":{"BduS4xMJvlZrebGSdGOkp57ZgBZ4E0MF31kT41iEUS4m":{"registrationId":776055557,"currentRatchet":{"ephemeralKeyPair":{"pubKey":"BYuIXeNqoWeu7TFvWomZ4JEgUzM9b6NZl2L3MvZnB5lj","privKey":"4CUXwB4LWPIMROHL8l5finZeWob9hgas6JSlhMIey14="},"lastRemoteEphemeralKey":"BdCxUvGrHpHTW2iDU8RfntadFyPSN6nBCL5nKDs2/Y0E","previousCounter":0,"rootKey":"PwWhLdbVY4cC7YDmvbvb7+h/9rM8L99Bkq7LiXA3d9g="},"indexInfo":{"baseKey":"BduS4xMJvlZrebGSdGOkp57ZgBZ4E0MF31kT41iEUS4m","baseKeyType":2,"closed":-1,"used":1753379779231,"created":1753379779231,"remoteIdentityKey":"BRjwOdE1Dh2ftt0kbyoLASLKsaxyXNsJDqA8jjwont9W"},"_chains":{"BdCxUvGrHpHTW2iDU8RfntadFyPSN6nBCL5nKDs2/Y0E":{"chainKey":{"counter":9,"key":"sQ5zC6uM6LxQm/24NsUhL8jQ+xSag/wqK4L3cKJfHGM="},"chainType":2,"messageKeys":{"0":"gwn8txLbISdClHkwcr3tjG6Tf5+gjbVCvsWhiuL0zA8=","1":"0FgajZElwp+ZRamGvT5GpCLPQw6xWAHMVCus5FIH+OQ="}},"BYuIXeNqoWeu7TFvWomZ4JEgUzM9b6NZl2L3MvZnB5lj":{"chainKey":{"counter":-1,"key":"EAhZrVgHoX8KQiBUMsrEIJbVRbvBrQXlglruYSCGbh4="},"chainType":1,"messageKeys":{}}}}},"version":"v1"}