{"_sessions":{"BToBOYrAkvpxpwFqAt+1/ID0zbdroKunHS9ufHTUtnt1":{"registrationId":104625667,"currentRatchet":{"ephemeralKeyPair":{"pubKey":"BcnaXocvqukL9IPuHIgle0ABC+mt8We7Trgu0TypTNFR","privKey":"eHqlWI4dSbZnCm6upKU5lS6WQ5oApS/8T/kP9WjQzXI="},"lastRemoteEphemeralKey":"BTRifwuf1AOUwiwZpofDnr8yI7oZ+JiBf8NzPLcSsqtt","previousCounter":0,"rootKey":"nbuoXhsH+VgxIntK3OkGfyuWPYSl5IWYl7r8GZQAm8E="},"indexInfo":{"baseKey":"BToBOYrAkvpxpwFqAt+1/ID0zbdroKunHS9ufHTUtnt1","baseKeyType":2,"closed":-1,"used":1753439819634,"created":1753439819634,"remoteIdentityKey":"BTJzBXKkJGO0ehfrg4Wsepsxq2RDAtOvYKKZHHwxV/5V"},"_chains":{"BTRifwuf1AOUwiwZpofDnr8yI7oZ+JiBf8NzPLcSsqtt":{"chainKey":{"counter":1,"key":"1CwIK0W4QQ9c+3RwaYQVcaLsTyBi2euB9gM0xc0mbBs="},"chainType":2,"messageKeys":{}},"BcnaXocvqukL9IPuHIgle0ABC+mt8We7Trgu0TypTNFR":{"chainKey":{"counter":-1,"key":"bPftw5yGHP8tGtcd7foFB5MUzniyvpei3XNSUIy8uZ8="},"chainType":1,"messageKeys":{}}}}},"version":"v1"}