{"_sessions":{"BXzD9M8ZymKUSiaGzN4Pp2W6Ro9XE+l7Igh6iUdGIFA0":{"registrationId":1519834374,"currentRatchet":{"ephemeralKeyPair":{"pubKey":"BXPQ20Ah4a3ePqNZBvx4fdkeXLdMSmQVTFbM1teBOykC","privKey":"uCU7n52Tuh7mmjaw2HEmYK3t8LgpoWpyUPW3cYyFzms="},"lastRemoteEphemeralKey":"BdPanjm9pIH6mQupqezXCfdv9SfDU98jwinGXcjZJIsK","previousCounter":0,"rootKey":"lYIXqQ8zVTRWbhYlkob3hc9Ibc1N7b7dtmVl1tXhpAE="},"indexInfo":{"baseKey":"BXzD9M8ZymKUSiaGzN4Pp2W6Ro9XE+l7Igh6iUdGIFA0","baseKeyType":2,"closed":-1,"used":1753439899164,"created":1753439899164,"remoteIdentityKey":"BUDIDfCa3P7AlHF9mC4QViSktEsVQjNc4r4CXP1CX/1W"},"_chains":{"BdPanjm9pIH6mQupqezXCfdv9SfDU98jwinGXcjZJIsK":{"chainKey":{"counter":2,"key":"cDB3swed4DupW0WWwncfYrCSlY6ho1DIasQoamIsvZ8="},"chainType":2,"messageKeys":{}},"BXPQ20Ah4a3ePqNZBvx4fdkeXLdMSmQVTFbM1teBOykC":{"chainKey":{"counter":-1,"key":"eF1tijXBiNY9NmjnsD8BBT80zYx8mcAx7RqO3rb00O0="},"chainType":1,"messageKeys":{}}}}},"version":"v1"}