{"_sessions":{"BVPvzTdFOMqPXlnJAAPQUOp5wSl1Q4iTVxzNXx0zMI80":{"registrationId":2057249705,"currentRatchet":{"ephemeralKeyPair":{"pubKey":"BUvUJmI05fwRyELJx35oTQk4Z9D60vveB8Z5+AdbwXFD","privKey":"cC9qfltJSTKcARUtjW2dc97pM6Sbp+Yeo++vQx7nams="},"lastRemoteEphemeralKey":"BbjmVV9EqdCBJQFeHONbfHXx2GublE1NHmpcFLtQTLJM","previousCounter":0,"rootKey":"JbrzKY5qLRod29kGbJZJHO5Uv+enyRx2aG+zMabgVgM="},"indexInfo":{"baseKey":"BVPvzTdFOMqPXlnJAAPQUOp5wSl1Q4iTVxzNXx0zMI80","baseKeyType":2,"closed":-1,"used":1753439834702,"created":1753439834702,"remoteIdentityKey":"BaM94ke1BrhGM5zg3lYLxLIWe4eDdDirrOS92r5oUPp0"},"_chains":{"BbjmVV9EqdCBJQFeHONbfHXx2GublE1NHmpcFLtQTLJM":{"chainKey":{"counter":6,"key":"jDJydmQvOPjCAFqK/x0kxGPb5E+3U/dEkJYfHCj9/xM="},"chainType":2,"messageKeys":{}},"BUvUJmI05fwRyELJx35oTQk4Z9D60vveB8Z5+AdbwXFD":{"chainKey":{"counter":-1,"key":"Q8ATKdB3GFulkmEJkqnSxO81GiSzGpSPUR1xzKrsNak="},"chainType":1,"messageKeys":{}}}}},"version":"v1"}