{"_sessions":{"BRO8RP7e/17R7LKh29+wighisBzLboRV/jPH1QIii7EE":{"registrationId":315823625,"currentRatchet":{"ephemeralKeyPair":{"pubKey":"BYhqzUiQrDPZ5TLvMB+5/7NxohZ9h4d2mZ+qBU/gQ2xX","privKey":"IBtjvg3FhCM45RW3UiAftYpzB2hGP2WwxieyxIKZjEA="},"lastRemoteEphemeralKey":"BXJrsi8/GG0VrZxvObCFQcwgcj2jMHx9H+6mFDwXp2h3","previousCounter":0,"rootKey":"xUVLJB02WamPtPnSEU6sTvFiYp2KE79LUAgBn2a6FDk="},"indexInfo":{"baseKey":"BRO8RP7e/17R7LKh29+wighisBzLboRV/jPH1QIii7EE","baseKeyType":2,"closed":-1,"used":1753439832730,"created":1753439832730,"remoteIdentityKey":"BfRqXFoSI7QXRIXx6hn0NR+4Q+7cDJXmzG9HPpwWWJBd"},"_chains":{"BXJrsi8/GG0VrZxvObCFQcwgcj2jMHx9H+6mFDwXp2h3":{"chainKey":{"counter":2,"key":"51XEiBZwj3DfAXHyaRaw674+vyFEnV+rZqrgOhdgFz0="},"chainType":2,"messageKeys":{}},"BYhqzUiQrDPZ5TLvMB+5/7NxohZ9h4d2mZ+qBU/gQ2xX":{"chainKey":{"counter":-1,"key":"J1Hec9EovQ9rJuc+bOfZEk/rz+WmDAc5tlsGJGyRlhE="},"chainType":1,"messageKeys":{}}}}},"version":"v1"}