{"_sessions":{"BbfHBNLX3hktQNdt/WvXwIdTVLI4kcgssqFOSTFEkDQ3":{"registrationId":292906595,"currentRatchet":{"ephemeralKeyPair":{"pubKey":"BTacVwKemwILj+BfXQeHB1LY877gr4IUEX95ciJfIVcJ","privKey":"OHQ8RerTdUkp8AO1gssCcRKq8+JiVRoVaj4xttKDjEU="},"lastRemoteEphemeralKey":"BZiprEErDogL5wX4IsS/Ry7gxkJ97Ur+7xk6j+rSQUhI","previousCounter":0,"rootKey":"EcU64+mQfaUnKtg6idfxJbTIcDLMKnq2ue8+gJgdJn0="},"indexInfo":{"baseKey":"BbfHBNLX3hktQNdt/WvXwIdTVLI4kcgssqFOSTFEkDQ3","baseKeyType":2,"closed":-1,"used":1753518827443,"created":1753518827443,"remoteIdentityKey":"BfUgGfkplPkybC75xEpuPzoXaOb7nYfHzZoXCnXf45Ey"},"_chains":{"BZiprEErDogL5wX4IsS/Ry7gxkJ97Ur+7xk6j+rSQUhI":{"chainKey":{"counter":0,"key":"xwvL5vxt2KwXyxdUCykQF51pujLDZTq/ykT+Do0/PwM="},"chainType":2,"messageKeys":{}},"BTacVwKemwILj+BfXQeHB1LY877gr4IUEX95ciJfIVcJ":{"chainKey":{"counter":-1,"key":"sj2bbfxdCYqVYEIGVY/GcNdQXGyDfMvgAesMAye+hk4="},"chainType":1,"messageKeys":{}}}}},"version":"v1"}