{"_sessions":{"BWkLOEPsEOg7QOFtw+A+vzM8uNsq8vuRr4ToqElVFyNx":{"registrationId":2057673276,"currentRatchet":{"ephemeralKeyPair":{"pubKey":"BaHVLN7FaX9KIyjl1Ck357mFgIwIyzl3UR//CCjD53Nz","privKey":"KMuc9Tx96bmgXbw6QFqmBs0CHUIgWj6rkSMU0JfqWXQ="},"lastRemoteEphemeralKey":"BWBfdD0vfTtFI6oTmIMma4gsehPH01hR/T/TSdYEeWMm","previousCounter":0,"rootKey":"goJ2Ta06lizl3AryxnrsJCDABWCi38udMR3fRAgVqSY="},"indexInfo":{"baseKey":"BWkLOEPsEOg7QOFtw+A+vzM8uNsq8vuRr4ToqElVFyNx","baseKeyType":2,"closed":-1,"used":1753439825997,"created":1753439825997,"remoteIdentityKey":"Bdg/FLxhp7IIaWUFtLLv4SEo991j+QxNsWDBJvXOdtpD"},"_chains":{"BWBfdD0vfTtFI6oTmIMma4gsehPH01hR/T/TSdYEeWMm":{"chainKey":{"counter":1,"key":"sgytrXe1mzUGpyNKrpGiqJX+ybPBrjmW8d1dlR+JDzQ="},"chainType":2,"messageKeys":{}},"BaHVLN7FaX9KIyjl1Ck357mFgIwIyzl3UR//CCjD53Nz":{"chainKey":{"counter":-1,"key":"OrKtY7xa96RyZc/HDCF2WVACi0hhSdwIcMwb0akRha0="},"chainType":1,"messageKeys":{}}}}},"version":"v1"}