{"_sessions":{"BXULdOc7/c/wHxMSWxg2sytpHExiNk3uNrstt9bg6WgB":{"registrationId":1114777491,"currentRatchet":{"ephemeralKeyPair":{"pubKey":"BdBKcDSbEirj055RTubDOlkXaXpci6llEq/S8ZMVHtRj","privKey":"kJsX0gNnvcFOlS1jFxx2EzwWfNZrgLHlwgaqm1T1yHw="},"lastRemoteEphemeralKey":"BfggvzBwsb72z4+m9Z/0aFTtsg0bJYe80n1K6wqAuRNe","previousCounter":0,"rootKey":"K37lY3gg8Zm7dY950bRB1BAzrhGSf1LPWRow2PFiW9Y="},"indexInfo":{"baseKey":"BXULdOc7/c/wHxMSWxg2sytpHExiNk3uNrstt9bg6WgB","baseKeyType":2,"closed":-1,"used":1753377522615,"created":1753377522615,"remoteIdentityKey":"BX2teS33ZnO5unZebhmp+49NSG/BE6ndoZYK8OKY7d8x"},"_chains":{"BfggvzBwsb72z4+m9Z/0aFTtsg0bJYe80n1K6wqAuRNe":{"chainKey":{"counter":7,"key":"kXd8UGvLe5w0DUaNUW5jZcDJ2OQumP8OyPLPX6zoGyU="},"chainType":2,"messageKeys":{}},"BdBKcDSbEirj055RTubDOlkXaXpci6llEq/S8ZMVHtRj":{"chainKey":{"counter":-1,"key":"9xDSCKh73CKJGW+x6IuOooIjv5/tAz+SUeS5UFwBdXw="},"chainType":1,"messageKeys":{}}}}},"version":"v1"}