{"_sessions":{"BRvp3MWmv8omf9Mp5MgUh3d7zF9vSSlPQ5dN+0TSqsND":{"registrationId":252104055,"currentRatchet":{"ephemeralKeyPair":{"pubKey":"BW36YvuWFllQeKFMzbQmsqwbPFXy4jO01skjIlKDlVJI","privKey":"eEyJlx7qNF+dwFUn1oBblTmurwBPwxVw+GLTgqzr52M="},"lastRemoteEphemeralKey":"BZGtpDbXa6bkHu0Db5AMjdeiNyull0ppAo6ZRh0bFF8/","previousCounter":0,"rootKey":"Y/iv+aOkYDddMRdMtgcX9SOeWTkuELdlbeUVFIK359o="},"indexInfo":{"baseKey":"BRvp3MWmv8omf9Mp5MgUh3d7zF9vSSlPQ5dN+0TSqsND","baseKeyType":1,"closed":-1,"used":1753519944056,"created":1753519944056,"remoteIdentityKey":"BW3gdbZpGfQCkMc2EPM/8rjPjF4nQFTBj3yfNB89StBp"},"_chains":{"BW36YvuWFllQeKFMzbQmsqwbPFXy4jO01skjIlKDlVJI":{"chainKey":{"counter":0,"key":"DVBd+cPvUKSbawsHF9rN1Dw2HTiPKv8iegkQ9tx1qvQ="},"chainType":1,"messageKeys":{}}},"pendingPreKey":{"signedKeyId":27,"baseKey":"BRvp3MWmv8omf9Mp5MgUh3d7zF9vSSlPQ5dN+0TSqsND","preKeyId":38525}}},"version":"v1"}