{"_sessions":{"Basspefhsx6EaYc53y1Q9wjNi/GOnpep+d3bWdU+swQW":{"registrationId":1416740353,"currentRatchet":{"ephemeralKeyPair":{"pubKey":"BYaaC+CmZGIqWmkQsFqn+qKTqMzvVh3zWeK6P0Rt2rYd","privKey":"AOrAMULfJwjnZuWg8ztA3x0yt1zH2xv95VNgVpfqVVE="},"lastRemoteEphemeralKey":"BQF4K/uXHtZjguDvQpNfNRaha8fmhCaZKBMfIvLHdeYm","previousCounter":0,"rootKey":"aRN4CipJVX1jn/sW6gdOyjutVWsc3aM32bM/KygW/Ew="},"indexInfo":{"baseKey":"Basspefhsx6EaYc53y1Q9wjNi/GOnpep+d3bWdU+swQW","baseKeyType":2,"closed":-1,"used":1753439833804,"created":1753439833804,"remoteIdentityKey":"Bd/uX8mrfeqNfkjB6K/7AfWqq9LzIpC1DSQVyUjHBf9G"},"_chains":{"BQF4K/uXHtZjguDvQpNfNRaha8fmhCaZKBMfIvLHdeYm":{"chainKey":{"counter":1,"key":"V8UlUCuauiV1y2DepmsclnexN2JTGwQAGIPIHGk+7+A="},"chainType":2,"messageKeys":{}},"BYaaC+CmZGIqWmkQsFqn+qKTqMzvVh3zWeK6P0Rt2rYd":{"chainKey":{"counter":-1,"key":"sylkrN9Nzh+mjbrCW23gZu+S371sTMtda36rpDdzYUg="},"chainType":1,"messageKeys":{}}}}},"version":"v1"}