{"_sessions":{"BcXpv68KWJDFeX3ievxSsgEWdF0vqV2QuOoqq3oMCfRS":{"registrationId":1433283892,"currentRatchet":{"ephemeralKeyPair":{"pubKey":"Bb75NibpIjFQu56INMVFLLLWXqFfSIf/dHxd4OW8G5cA","privKey":"UHFoP3hvo+AUsauNvPGX3Yn/IJ51gl0HxdKDGpucuGo="},"lastRemoteEphemeralKey":"Bbj4sWxn28k/Hgsat6CDM8fHKt2P2zQPXjA2hs3kr+s3","previousCounter":0,"rootKey":"6pkxcbreT7cIy+oqpdkmc+5rZXLPcyqNlafDHCPUiMc="},"indexInfo":{"baseKey":"BcXpv68KWJDFeX3ievxSsgEWdF0vqV2QuOoqq3oMCfRS","baseKeyType":2,"closed":-1,"used":1753518835252,"created":1753518835252,"remoteIdentityKey":"Bb4tkCdAiyMrDlhDjTIym7GmVBGaMbKbTGf0zP44PINi"},"_chains":{"Bbj4sWxn28k/Hgsat6CDM8fHKt2P2zQPXjA2hs3kr+s3":{"chainKey":{"counter":2,"key":"ugSQ/iio847aFbby6O1+PP7JDc0z1fNA6vrQ+HiXKjA="},"chainType":2,"messageKeys":{"0":"4VzV30kTRLnqbKY3DsUdkcykxPJspCaj44IEqAOgQPw="}},"Bb75NibpIjFQu56INMVFLLLWXqFfSIf/dHxd4OW8G5cA":{"chainKey":{"counter":-1,"key":"+QPEZum2fLf2Fnam91SO3kGweBYkNep7Nx7Hp2rezFw="},"chainType":1,"messageKeys":{}}}}},"version":"v1"}