{"_sessions":{"Bay+2ey+Qp/kus6gg6+llFLQY6RHst6aXC8EHoELKJ92":{"registrationId":290170152,"currentRatchet":{"ephemeralKeyPair":{"pubKey":"BUq49BGViBFD9I2zyFTD3t7fepT4LranPRalYwjpJCxQ","privKey":"cNBQCCsD4i/ERTtig9y5kLsOSticYmhRetweKOg4Y1A="},"lastRemoteEphemeralKey":"Bd7RW8U6MCd3lhvOGTiIlhCdjZnF7B6LocgbguLbGC0q","previousCounter":0,"rootKey":"jG+910+h7kQAGv5C2P7MMsyoxh7FoMi8TLPvuZPEvvI="},"indexInfo":{"baseKey":"Bay+2ey+Qp/kus6gg6+llFLQY6RHst6aXC8EHoELKJ92","baseKeyType":2,"closed":-1,"used":1753439824281,"created":1753439824281,"remoteIdentityKey":"BW+D7QeS6CO7L6xSGNVhQ65vRf7Tu207IR+3zYfT1q9j"},"_chains":{"Bd7RW8U6MCd3lhvOGTiIlhCdjZnF7B6LocgbguLbGC0q":{"chainKey":{"counter":4,"key":"7mbyu6IhtjWZqt0+IaBmosewfUsKNENUhtW5WpYTpo8="},"chainType":2,"messageKeys":{}},"BUq49BGViBFD9I2zyFTD3t7fepT4LranPRalYwjpJCxQ":{"chainKey":{"counter":-1,"key":"jG8HoJzjoRnV0bmLQz1LFWshXp4rjhLPLyTo0T3BJp0="},"chainType":1,"messageKeys":{}}}}},"version":"v1"}