{"_sessions":{"BZTRW+gGeOU1QBykEnHuNZujnf3MYy5mPxEaymx4vMYF":{"registrationId":907831260,"currentRatchet":{"ephemeralKeyPair":{"pubKey":"BSIkKY0xp0EFY6SHsi5HgAFZ9yeySA2gexkMsWlVSPd0","privKey":"ALR/ZSnW2Q654JtdKo60ks//AqVJ79ZlZemXRq+2vFA="},"lastRemoteEphemeralKey":"BfeID8Jw451OJpKr7H+sX1wQ0rvD9hyVBBy5tz6rgugV","previousCounter":0,"rootKey":"adcTAd6hn6p1HySt3wlnXWDXw40JtrwZ8+hm8DjyUDI="},"indexInfo":{"baseKey":"BZTRW+gGeOU1QBykEnHuNZujnf3MYy5mPxEaymx4vMYF","baseKeyType":2,"closed":-1,"used":1753518844324,"created":1753518844324,"remoteIdentityKey":"BaeLXEf9EYumMzGzvn/rjMCZgDObpaR6KsXv8ZrgfaYD"},"_chains":{"BfeID8Jw451OJpKr7H+sX1wQ0rvD9hyVBBy5tz6rgugV":{"chainKey":{"counter":1,"key":"Sd7pp0eRTJjXYhkQ1B+l5LBgRVVOlIQbSyNm3M2XKIo="},"chainType":2,"messageKeys":{}},"BSIkKY0xp0EFY6SHsi5HgAFZ9yeySA2gexkMsWlVSPd0":{"chainKey":{"counter":-1,"key":"0reW3tmb5c7I6o1htOVfKxtXuebbxsJ4KnrjEZM7I4Q="},"chainType":1,"messageKeys":{}}}}},"version":"v1"}