{"_sessions":{"BantLpbwru8dJQ6Q21F80tcIqBfI6+MdDmBVLXSV/SY1":{"registrationId":2124892944,"currentRatchet":{"ephemeralKeyPair":{"pubKey":"Bca0Sz5zon2ZVdYUTeu1Fb3FAi/h4kpsc8+d1SAhG3hq","privKey":"0CTATR1H6QbgDLBt/m+f5IIaHAeHrI6PY5qZen5kTXw="},"lastRemoteEphemeralKey":"BYYM1QKh5lA8vXyJJT3CCHXyyu4nSIrD7HH7hpojoRxr","previousCounter":0,"rootKey":"k9bLZfxXbT/FP2+NcEo4bU5VL0MCZiA6O4Mi4Lx9fao="},"indexInfo":{"baseKey":"BantLpbwru8dJQ6Q21F80tcIqBfI6+MdDmBVLXSV/SY1","baseKeyType":2,"closed":-1,"used":1753377849542,"created":1753377849542,"remoteIdentityKey":"BefspCkj0d89YPlFqyzbXqJQPK1T3NYpMhALByoweFwp"},"_chains":{"BYYM1QKh5lA8vXyJJT3CCHXyyu4nSIrD7HH7hpojoRxr":{"chainKey":{"counter":1,"key":"/9IT44SdSG9HImHJvPxvQJ3ZeaZrWuwE9HVCyW4Wa6w="},"chainType":2,"messageKeys":{}},"Bca0Sz5zon2ZVdYUTeu1Fb3FAi/h4kpsc8+d1SAhG3hq":{"chainKey":{"counter":-1,"key":"uPs1RgKmjBxE82gaJHNkeBiPZ/f+tkIFkMOUrGlyoGQ="},"chainType":1,"messageKeys":{}}}}},"version":"v1"}