{"_sessions":{"BYs6XcFeLVlWB0ba4P4LT6ZuB+JCQHbuPwOtu2Paiq1S":{"registrationId":722921011,"currentRatchet":{"ephemeralKeyPair":{"pubKey":"BdgdCGwzm5EfUaa5qqWYsNBs+4Xfqs7mpc8oxmJC/kIq","privKey":"UKO4x6/X1XmcpzejCIPvYCoJyanTwDovfNTg5sGnc0o="},"lastRemoteEphemeralKey":"BcoPGmkGrjYTFbCvqRe+KwklwfqdOVUz09LWQBUiZPM7","previousCounter":0,"rootKey":"sMNTkKCBCRgurPGgbRXOm2x+0yuI5Zvzc2t3quBTx8Y="},"indexInfo":{"baseKey":"BYs6XcFeLVlWB0ba4P4LT6ZuB+JCQHbuPwOtu2Paiq1S","baseKeyType":2,"closed":-1,"used":1753439854933,"created":1753439854933,"remoteIdentityKey":"BSQyqVB0y7LfhexHbbpeOjs8iuSRw631N08QrYxWF/M+"},"_chains":{"BcoPGmkGrjYTFbCvqRe+KwklwfqdOVUz09LWQBUiZPM7":{"chainKey":{"counter":2,"key":"+nwvqBZ/ZVvc/KFLCIoK1KQEajp72jUgCkrhuu7RHzQ="},"chainType":2,"messageKeys":{}},"BdgdCGwzm5EfUaa5qqWYsNBs+4Xfqs7mpc8oxmJC/kIq":{"chainKey":{"counter":-1,"key":"4CJzhZ68cGZij5pACsa6o3fsRvKNfiKrZtjgiXkdoE0="},"chainType":1,"messageKeys":{}}}}},"version":"v1"}