{"_sessions":{"BU84L1QKQ5O0+CkhFeAvRA8Zg3hXB2Ets6OXNI5mSnQN":{"registrationId":470507721,"currentRatchet":{"ephemeralKeyPair":{"pubKey":"BcVVXGIjmsx3uUpmAZAGtE6zN7boIwoC9RVUtTxEl2Yd","privKey":"uBHRyoZTC3WDybHKdwWQ77bvElwjz+eBRgwD+GSoWUI="},"lastRemoteEphemeralKey":"BSLjHYBmPOxECe54Op9ywK9AejzbFCf9/cOCKTsEG1cF","previousCounter":0,"rootKey":"yuxjekp797N9w9BSp3OPpuxheYRBScW2QolDY3IVsvw="},"indexInfo":{"baseKey":"BU84L1QKQ5O0+CkhFeAvRA8Zg3hXB2Ets6OXNI5mSnQN","baseKeyType":2,"closed":-1,"used":1753439823453,"created":1753439823453,"remoteIdentityKey":"BeoaFAo1rkxK4h+9kRQmIo85tDMrPwxlegBFm+aPT/gI"},"_chains":{"BSLjHYBmPOxECe54Op9ywK9AejzbFCf9/cOCKTsEG1cF":{"chainKey":{"counter":7,"key":"s+pg75jXgy4NhpvlhTEW5VQIeqyzFSU++lu/dUDUoBM="},"chainType":2,"messageKeys":{}},"BcVVXGIjmsx3uUpmAZAGtE6zN7boIwoC9RVUtTxEl2Yd":{"chainKey":{"counter":-1,"key":"4cHE6vnLJ1BcYOhL5I6Ffrc0YysmKwePuNVgkPXyd6c="},"chainType":1,"messageKeys":{}}}}},"version":"v1"}