{"_sessions":{"BbvUf6Zv/WHXePPpUnnN3kWjoA/XAz7aYGqI4puDJqta":{"registrationId":1722522475,"currentRatchet":{"ephemeralKeyPair":{"pubKey":"BfG6EgQdLqRbqDNJuC9QLQUqW+MNSWKL0i64AvVAchYr","privKey":"aFeV4hsqfWQTVbfnjPrzsR+Hi+hNkDWk7iWfs5wjmFM="},"lastRemoteEphemeralKey":"Behj/bcfcSVhztCQklesqColDJRJmKO+w33/p//eeTEO","previousCounter":0,"rootKey":"FCr6JuKKMOBCSWumKSPxlxXOgBUsAGz94Pq6gSndEJ8="},"indexInfo":{"baseKey":"BbvUf6Zv/WHXePPpUnnN3kWjoA/XAz7aYGqI4puDJqta","baseKeyType":2,"closed":-1,"used":1753439824960,"created":1753439824960,"remoteIdentityKey":"BceRZ4X2Ye5hqy9VmPH54fe4biB43hFG36CpnQOeZaxd"},"_chains":{"Behj/bcfcSVhztCQklesqColDJRJmKO+w33/p//eeTEO":{"chainKey":{"counter":2,"key":"J/C5M9NQP7kI7T1Yuaa/awOK5ueGeWP47e7WrxxIjV0="},"chainType":2,"messageKeys":{}},"BfG6EgQdLqRbqDNJuC9QLQUqW+MNSWKL0i64AvVAchYr":{"chainKey":{"counter":-1,"key":"oSlVdrq8P7sg5oAAIU/jYZA0fp5AUiDe/LvRdzsFoBs="},"chainType":1,"messageKeys":{}}}}},"version":"v1"}