{"_sessions":{"Bcp9nbEZypsFAL9qkvgxt/Vap56F5Je2ApEchYja9l9e":{"registrationId":1401803341,"currentRatchet":{"ephemeralKeyPair":{"pubKey":"BS7YVgxZyIijGRjGreF0dFCs4BWYlhxTW5j8ZXpP8MA3","privKey":"ULx/V1HsI8DxORPJ6ejM1KXJ4hQl3+/NID5TNKa12FA="},"lastRemoteEphemeralKey":"BZnfhC5vUe0+l23IQcK+VZ9utU7iCCxfMDiwICiB8VQZ","previousCounter":0,"rootKey":"1j3are87rNGWAQ5tm4oh5uAIFQ0s34Q3RUfuh9duHdM="},"indexInfo":{"baseKey":"Bcp9nbEZypsFAL9qkvgxt/Vap56F5Je2ApEchYja9l9e","baseKeyType":2,"closed":-1,"used":1753439822779,"created":1753439822779,"remoteIdentityKey":"Bab3Xr1b7B8jObm401NuuFkJ4btsOA9OcoxuxpXlHvo+"},"_chains":{"BZnfhC5vUe0+l23IQcK+VZ9utU7iCCxfMDiwICiB8VQZ":{"chainKey":{"counter":5,"key":"3vDJ/Gq1a5pdo2jQUGhPGJagLr9PPywpofQovAgvxg8="},"chainType":2,"messageKeys":{}},"BS7YVgxZyIijGRjGreF0dFCs4BWYlhxTW5j8ZXpP8MA3":{"chainKey":{"counter":-1,"key":"jUDT+bLid8q7XLfrceEl1Ogg3DJJoNuAIE4JSqjWcNM="},"chainType":1,"messageKeys":{}}}}},"version":"v1"}