{"_sessions":{"BRdZjTDeBOXJv8toe31oBRm8MZqRtMRWRqFnBIHyb5o3":{"registrationId":666218500,"currentRatchet":{"ephemeralKeyPair":{"pubKey":"BXRcCvuy7a3XkrVfCfN3uLd1DXM1EWdlZcJHXko8mjBa","privKey":"qPzI+1oBtw2k0+sT3KAbJ9rxOhLCL5OZZYnOoQwpIng="},"lastRemoteEphemeralKey":"BVZsZODw6Xqi6y0uZ3ZHJWDLDrI89paMtmHmyhx+p69x","previousCounter":0,"rootKey":"ZO/HpyoU1qu5ebgHIBCyQHhginMiWGL61cbFKGfLnzM="},"indexInfo":{"baseKey":"BRdZjTDeBOXJv8toe31oBRm8MZqRtMRWRqFnBIHyb5o3","baseKeyType":2,"closed":-1,"used":1753439819249,"created":1753439819249,"remoteIdentityKey":"BRNBGEg9x3SrecvCngzxcMuas8oNDT9kco8aVY+6X1Z7"},"_chains":{"BVZsZODw6Xqi6y0uZ3ZHJWDLDrI89paMtmHmyhx+p69x":{"chainKey":{"counter":0,"key":"0bSw/5wCVv0xdiE3FpdI+EQNvcN5q+y1eHXTX0a/WAU="},"chainType":2,"messageKeys":{}},"BXRcCvuy7a3XkrVfCfN3uLd1DXM1EWdlZcJHXko8mjBa":{"chainKey":{"counter":-1,"key":"LHrRpVp00dAu1LKzfxaRDO5ApK4/Bg9cFY9wAtqzY7w="},"chainType":1,"messageKeys":{}}}}},"version":"v1"}