{"_sessions":{"BWObK79XQK2e8dd66NDuzIImucumPNPRAHznStA7xk4R":{"registrationId":65756521,"currentRatchet":{"ephemeralKeyPair":{"pubKey":"BaKRp10rWEb6LP0u6NLSHIlGDEjdV4QOXljzlVSwTXsq","privKey":"kA2kA7f1TI/Z0Xq2Psyv56klu1Tjm/2DnS61hJpEWX4="},"lastRemoteEphemeralKey":"Bbtj0REHYhGsObKeymWteaGX7n8dUt0BXAamBCtFIbU8","previousCounter":0,"rootKey":"6HWVB7wFnlNLPrGWcEx/MXZWkx6o0eQIB9e4utOFk8c="},"indexInfo":{"baseKey":"BWObK79XQK2e8dd66NDuzIImucumPNPRAHznStA7xk4R","baseKeyType":2,"closed":-1,"used":1753446446142,"created":1753446446142,"remoteIdentityKey":"BXQWl2FufIosOHbwoMDEgZGOlj2KuU3Yh8ucKP2togFq"},"_chains":{"Bbtj0REHYhGsObKeymWteaGX7n8dUt0BXAamBCtFIbU8":{"chainKey":{"counter":0,"key":"ESMCGCqj2IWsk9WDSOGjxWQ+5tISBXTPTOJN/2c3gQc="},"chainType":2,"messageKeys":{}},"BaKRp10rWEb6LP0u6NLSHIlGDEjdV4QOXljzlVSwTXsq":{"chainKey":{"counter":-1,"key":"RopkzfOOO260uz1AwSoVaOthlq4cIoVLG5xU4JXwQbk="},"chainType":1,"messageKeys":{}}}}},"version":"v1"}