{"_sessions":{"BX6Zipq3JAdhiry0WrrzwlkZ7LqLC1nrUiN08NUbkRth":{"registrationId":2068278906,"currentRatchet":{"ephemeralKeyPair":{"pubKey":"BVYsYgIs86IU+8bGVpLpsHn4tPAkUIpRVLmt2O4DYGga","privKey":"cPWuPa8H6Xkg/uHjtL9cIGwUE9qKZ2pGUSWtO8Q8x3M="},"lastRemoteEphemeralKey":"BQaK5nf1p6RvVn+u89mwSorcHppytfMEWx7HeJveRs0+","previousCounter":0,"rootKey":"UzXxIuxLyJWOKRdXO+2SGCBVXRCmAPiXQsnXWpf3BsY="},"indexInfo":{"baseKey":"BX6Zipq3JAdhiry0WrrzwlkZ7LqLC1nrUiN08NUbkRth","baseKeyType":2,"closed":-1,"used":1753377070216,"created":1753377070216,"remoteIdentityKey":"BZfqO7CtJxuW6RBvR0BCS7hxKAZ9MeSrCGxTkHAd4Eh+"},"_chains":{"BQaK5nf1p6RvVn+u89mwSorcHppytfMEWx7HeJveRs0+":{"chainKey":{"counter":1,"key":"h7P0MF2NrTwGmH1OCZk4XvfdJ9EqYjEq6/gW1Wj5xr0="},"chainType":2,"messageKeys":{}},"BVYsYgIs86IU+8bGVpLpsHn4tPAkUIpRVLmt2O4DYGga":{"chainKey":{"counter":-1,"key":"jJO0UJEgduyL2+ljiSGqDqiPPEQ6b/Ctqz1l4gNSXtE="},"chainType":1,"messageKeys":{}}}}},"version":"v1"}