{"_sessions":{"Bd9WXj8IKeKh9LAG+g2dOPEzr4TbjDG2BhFy7TtrMYNk":{"registrationId":480380679,"currentRatchet":{"ephemeralKeyPair":{"pubKey":"BZFPBuGJCI7rGvhbK9RQ1f6LtmvLAEN+bAtQKB736FIC","privKey":"ABThvbPboq42gGyExPH9bQB8zMULVSdlstYiPbvvf3M="},"lastRemoteEphemeralKey":"BRNtDAeyR1cMYyZRWsOZXkVGCQ5Kn4LsDm6buqhKGREl","previousCounter":0,"rootKey":"AX8ZdsLcFE0jHnSgapMWQtzoDPdAPsBRzIEZnS3khQQ="},"indexInfo":{"baseKey":"Bd9WXj8IKeKh9LAG+g2dOPEzr4TbjDG2BhFy7TtrMYNk","baseKeyType":2,"closed":-1,"used":1753439849964,"created":1753439849964,"remoteIdentityKey":"BfLUmipvZN3HbXrMdvCcBMrXLT3VeSw3BaUvAu09IJhy"},"_chains":{"BRNtDAeyR1cMYyZRWsOZXkVGCQ5Kn4LsDm6buqhKGREl":{"chainKey":{"counter":2,"key":"0+CNwnHySOGplozEkIvK+L5WVfBN000EA64w1nnBI6Y="},"chainType":2,"messageKeys":{}},"BZFPBuGJCI7rGvhbK9RQ1f6LtmvLAEN+bAtQKB736FIC":{"chainKey":{"counter":-1,"key":"OnsieDKpr7qTt8YyChYOKSofgk1wbWCXQ5pNUqGhLsg="},"chainType":1,"messageKeys":{}}}}},"version":"v1"}