{"_sessions":{"BffDr9t7bHDOQ1z73+FsMrdR/IXTfdO1005XMVqCly0z":{"registrationId":146011694,"currentRatchet":{"ephemeralKeyPair":{"pubKey":"BQFh1V9RkRnc4EzAsINvqCddAKTTGmQ5ejca0kpzSDBp","privKey":"cKHPzn4Dm2NSHAmaUeJz0y9ATYkjQf6F9QqeaH3Sxnw="},"lastRemoteEphemeralKey":"BeALnuPygOTLJOOjqXGoydQIOpJVl6LcJzmPQXRyyGIN","previousCounter":0,"rootKey":"SqihcdJTAzlmtw3MlS4Axg6mqdO6LCAcM7uDN3Vcr68="},"indexInfo":{"baseKey":"BffDr9t7bHDOQ1z73+FsMrdR/IXTfdO1005XMVqCly0z","baseKeyType":2,"closed":-1,"used":1753439824903,"created":1753439824903,"remoteIdentityKey":"BdMHquELLI3IhDj+MtpLcpNYFtDjwmITnys5uG9WfK8u"},"_chains":{"BeALnuPygOTLJOOjqXGoydQIOpJVl6LcJzmPQXRyyGIN":{"chainKey":{"counter":8,"key":"HF6lq66A2PoYlPOV9Ok4O719PrWtJtici0wwnGtK2tI="},"chainType":2,"messageKeys":{"0":"rqng51nNaeg+s9/tzkwBC3WsELRii7Iaht9uS1tQ8ec=","1":"iay8oqG4rJeuFbtij8mEmaJuKHrdmAOe+Ic7ixsFlFQ="}},"BQFh1V9RkRnc4EzAsINvqCddAKTTGmQ5ejca0kpzSDBp":{"chainKey":{"counter":-1,"key":"vBUBD4ZPYZcMC308kwR/W+Rj+0hJKQYYJrMYTXp9ryg="},"chainType":1,"messageKeys":{}}}}},"version":"v1"}