{"_sessions":{"BRveW7PLFy13DOvgH9KopMK0+lYnxRA95tO4LWhJ2TFG":{"registrationId":499925231,"currentRatchet":{"ephemeralKeyPair":{"pubKey":"BekLq/bCbfvYWmLZPBZNony6rDw43QHhITYpiXsvJ7ET","privKey":"+HNI5vRBEwsZfoy5k/oMdHHzDVLMgzqpqSTHZpntSH0="},"lastRemoteEphemeralKey":"BWvUItFQcJQibaluQJ2qbg+Nm24sLgUmFrSf5LUhqNRL","previousCounter":0,"rootKey":"oW1GK0M1Z3QhmEd//eOa6/kPYTd/MkRDbrsvJfkocHo="},"indexInfo":{"baseKey":"BRveW7PLFy13DOvgH9KopMK0+lYnxRA95tO4LWhJ2TFG","baseKeyType":2,"closed":-1,"used":1753439899944,"created":1753439899944,"remoteIdentityKey":"BZSbbS0o7GY+kf9KQKdF7lCUNMm3YZODWxaoF0OZwWwP"},"_chains":{"BWvUItFQcJQibaluQJ2qbg+Nm24sLgUmFrSf5LUhqNRL":{"chainKey":{"counter":3,"key":"R2+IhDI9Lqv29c+ULZhrOg2QVxiT1kaOGk9alVQKDRE="},"chainType":2,"messageKeys":{}},"BekLq/bCbfvYWmLZPBZNony6rDw43QHhITYpiXsvJ7ET":{"chainKey":{"counter":-1,"key":"6u3n7+yB0gka7xrilVw9oGSFZsVbF3HdzpyFSXk+i0w="},"chainType":1,"messageKeys":{}}}}},"version":"v1"}