{"_sessions":{"BYDNB3w77MzVw31BqWum/4wZRRPvCRJ/V4ECUt5Vt6Zg":{"registrationId":1272225995,"currentRatchet":{"ephemeralKeyPair":{"pubKey":"BS7aTeAudJrzDB/9EHc06pYN/mD2R7NJNZaZgJ0PqMAs","privKey":"6DkcmyQIlejG+CzbxZ7gZzqfHvv818szQz4vxwcZmVQ="},"lastRemoteEphemeralKey":"BUVaimdDUsLkhUmkVstWcqDiiFmLju3sAFiVwJRKujwT","previousCounter":0,"rootKey":"hQv6blvsi/TmC4sMTjEIDYfsHJihxogD9yYBDl2uQwE="},"indexInfo":{"baseKey":"BYDNB3w77MzVw31BqWum/4wZRRPvCRJ/V4ECUt5Vt6Zg","baseKeyType":2,"closed":-1,"used":1753439819952,"created":1753439819952,"remoteIdentityKey":"BQSnt0rcxfcQND1BRARTumjnYCc5WrE9O8e0ybd2WYg4"},"_chains":{"BUVaimdDUsLkhUmkVstWcqDiiFmLju3sAFiVwJRKujwT":{"chainKey":{"counter":2,"key":"pYaTpqw7KsF2BdJaldqPuEElH1MqWc/fqzSVtLPqYZk="},"chainType":2,"messageKeys":{}},"BS7aTeAudJrzDB/9EHc06pYN/mD2R7NJNZaZgJ0PqMAs":{"chainKey":{"counter":-1,"key":"H2Epht++Z/+qAPwCsAR3lSu4pM6283pZRhBoZzNSCYw="},"chainType":1,"messageKeys":{}}}}},"version":"v1"}