{"_sessions":{"BQblKH/Z4E180QoP3JSD1UjTj2pwW79UYsFU31dauZND":{"registrationId":814240398,"currentRatchet":{"ephemeralKeyPair":{"pubKey":"BTqYb1cSZDFuCHGmw9xk/5WkptYXrBYftbQkgfOD3x9Z","privKey":"yINAdmYL1x1IVcLB8rV07NWulTNeVRAxoyauzq8pEWU="},"lastRemoteEphemeralKey":"BehW8hPRwL4KdwI663RJzhjt0bsQIrXi0KcEc5picRAO","previousCounter":0,"rootKey":"BtlvLd6bqXSvdqjXt36TmSCsakg+H5zS+Bp0UXMgOZ0="},"indexInfo":{"baseKey":"BQblKH/Z4E180QoP3JSD1UjTj2pwW79UYsFU31dauZND","baseKeyType":2,"closed":-1,"used":1753518827402,"created":1753518827402,"remoteIdentityKey":"BRCUot3Yjx4CAwVXIyS4HNVpYSnolmr5ttHbywZIlXYb"},"_chains":{"BehW8hPRwL4KdwI663RJzhjt0bsQIrXi0KcEc5picRAO":{"chainKey":{"counter":0,"key":"84PboiU9EyPQ18O4FCTiHGz9qCzoi5lUF+idi9xJLlM="},"chainType":2,"messageKeys":{}},"BTqYb1cSZDFuCHGmw9xk/5WkptYXrBYftbQkgfOD3x9Z":{"chainKey":{"counter":-1,"key":"WTTWK4CyGrOAKS8L38RLBpYEzPKLsuiVgvK1LO9PoDA="},"chainType":1,"messageKeys":{}}}}},"version":"v1"}