{"_sessions":{"BWtsZ8wF0da5/u+JRQ079uXesrdTM+YnSti8ZoxWKHYX":{"registrationId":456877781,"currentRatchet":{"ephemeralKeyPair":{"pubKey":"BYCRnD0SLe+q1gyDjjz42Aa0t1hfP4NJU76x56/2I5kD","privKey":"2JWdg10mOvAY9G+m4YsdfjvFsg1ro8XALyFdaq4SOEM="},"lastRemoteEphemeralKey":"BZdDDa6ObQPj3Fkb75WnQMHouFLRwhQWl+99wP9EgPBf","previousCounter":0,"rootKey":"dIyEJM6SAC4bZ0d5uypnkxYboNydKWFr+vqEzmpttgs="},"indexInfo":{"baseKey":"BWtsZ8wF0da5/u+JRQ079uXesrdTM+YnSti8ZoxWKHYX","baseKeyType":2,"closed":-1,"used":1753377078122,"created":1753377078122,"remoteIdentityKey":"BVIhZ1JmCrEHcZ5sC8HApvLYbJrwcCCsdSBEGlZm6sNT"},"_chains":{"BZdDDa6ObQPj3Fkb75WnQMHouFLRwhQWl+99wP9EgPBf":{"chainKey":{"counter":9,"key":"txOdhL9r11cQKc/rvwpkUATj3KddMkLsAez1Hi7pMhM="},"chainType":2,"messageKeys":{"0":"gUIDCpXFWtrRjiucizUsah4cva1b61DJNCILEnpSJzA=","4":"qyvQTCow2qOEJhkRDoC4Ij3XxlzH5sefnuX20MgM548="}},"BYCRnD0SLe+q1gyDjjz42Aa0t1hfP4NJU76x56/2I5kD":{"chainKey":{"counter":-1,"key":"jbLbCzk6OXSbjq4Jrg+VLylA4zfKB3Dr5HTPX/4Argg="},"chainType":1,"messageKeys":{}}}}},"version":"v1"}