{"_sessions":{"BSZIyWiAEji84I9ThEtLLca/qJeeVqRqfthWvEjxW2w3":{"registrationId":991634837,"currentRatchet":{"ephemeralKeyPair":{"pubKey":"BWtzb5n8ivwK9s6XxAglBMB3OBX46G45dDTtlmgvrzV1","privKey":"MDQuTfdGQqXDW70BB1h/F8mq8fzcszI4/qICgpO4MXQ="},"lastRemoteEphemeralKey":"Bfel6iOu3CRFlrcG8ekKEDs2qADse8X9mgfEoBgF4Ug/","previousCounter":0,"rootKey":"nsPAMvAV0y6pUztSvmWLu0ILqEMRoOHe6IZSGhnqui8="},"indexInfo":{"baseKey":"BSZIyWiAEji84I9ThEtLLca/qJeeVqRqfthWvEjxW2w3","baseKeyType":2,"closed":-1,"used":1753376483956,"created":1753376483956,"remoteIdentityKey":"BcA++vP1Kcs5hTJfV1e9kR9g61nLX1EMH+01/zTq5MdB"},"_chains":{"Bfel6iOu3CRFlrcG8ekKEDs2qADse8X9mgfEoBgF4Ug/":{"chainKey":{"counter":0,"key":"Q2ScqtnEM0CoJEI/+f+Nt8lquMwpe5fKVyqQwxTCzko="},"chainType":2,"messageKeys":{}},"BWtzb5n8ivwK9s6XxAglBMB3OBX46G45dDTtlmgvrzV1":{"chainKey":{"counter":-1,"key":"v0IKjLuJ5p0paB4chrqP/xISwit1MQVFkYsboFDITF4="},"chainType":1,"messageKeys":{}}}}},"version":"v1"}