{"_sessions":{"BZqiLCYZGG3klgC37vGK4NtuQFIPFs9e2ORrXju7zIB2":{"registrationId":1009255917,"currentRatchet":{"ephemeralKeyPair":{"pubKey":"Ba2ae3R9PQu4I53zuoIjSENDGdiQ27KgSHDEcox9enEF","privKey":"OMBCfvMwM3BVqy9FnkuIDKGCOZvRceYh4mZw9AVwzEo="},"lastRemoteEphemeralKey":"BU4qvk3eeOOZSlqkLwFVu3VCgUreYQSeBbTurhLYVLAw","previousCounter":0,"rootKey":"64LBpyHOg/XVg/GYVbFA5LQMHi4mmARvowLMiaqTA4E="},"indexInfo":{"baseKey":"BZqiLCYZGG3klgC37vGK4NtuQFIPFs9e2ORrXju7zIB2","baseKeyType":2,"closed":-1,"used":1753439842534,"created":1753439842534,"remoteIdentityKey":"BS2717ZL0wFacN0uErpwZSmzAxZrdtSnFYlrs2GuX7UB"},"_chains":{"BU4qvk3eeOOZSlqkLwFVu3VCgUreYQSeBbTurhLYVLAw":{"chainKey":{"counter":11,"key":"pJalbkzBc9hd3B2+p7VFKyjsFLbAX6znyj/vsKW28b0="},"chainType":2,"messageKeys":{}},"Ba2ae3R9PQu4I53zuoIjSENDGdiQ27KgSHDEcox9enEF":{"chainKey":{"counter":-1,"key":"wgvJXW3Eq773DIW/a/ujtkjfsFzvkv4ToTzopHSMQ94="},"chainType":1,"messageKeys":{}}}}},"version":"v1"}