{"_sessions":{"BTWKHtQeiqQRgjf/Tpm16MZEkGB5csxL7+wxCfNEL3Rf":{"registrationId":1461317965,"currentRatchet":{"ephemeralKeyPair":{"pubKey":"Bfp5Nqrac3G8ta9SAZ/Ra5LE+ffkNHBts1f50KDZFwIi","privKey":"QMbU9TDRbkV62VDpoBRRogbJ+zeEZXn2hnhr3pW7MUg="},"lastRemoteEphemeralKey":"BT0AV6zaV7XUemNko46OjSRHadpyil5o1EuPE3YKezkJ","previousCounter":0,"rootKey":"DNMW3r3+235A2TIUgh46EOZzd5f7V6Ef3oC2ArCeBMg="},"indexInfo":{"baseKey":"BTWKHtQeiqQRgjf/Tpm16MZEkGB5csxL7+wxCfNEL3Rf","baseKeyType":2,"closed":-1,"used":1753443785250,"created":1753443785250,"remoteIdentityKey":"BbYSSO+fm2zr4m7fnfgLFFIdDwjdmXibwrmu/bxUo89D"},"_chains":{"BT0AV6zaV7XUemNko46OjSRHadpyil5o1EuPE3YKezkJ":{"chainKey":{"counter":2,"key":"BQ94K+i1A9TCmhgsbfCl8SpK6HUX27I+hVuz+Cftvms="},"chainType":2,"messageKeys":{}},"Bfp5Nqrac3G8ta9SAZ/Ra5LE+ffkNHBts1f50KDZFwIi":{"chainKey":{"counter":-1,"key":"f2ijCg4DRFed4SctRg0E5Da+dWSIdIOFBLYOtVtGtOY="},"chainType":1,"messageKeys":{}}}}},"version":"v1"}