{"_sessions":{"BaeM/1w+m9or5tvQxfNfmkNzej7kuKqDOViFvYrDhGhp":{"registrationId":1596533021,"currentRatchet":{"ephemeralKeyPair":{"pubKey":"BdNFf/JVr4g2tRZb3MvwlPchdEE2m75Q6sCsKpL9DgRF","privKey":"GEmoanbYqHHksgEilxrH0VssHLfrin+Nop9CTJUyulc="},"lastRemoteEphemeralKey":"Ba706m+CGron7/MIcWDtgig+0f6wJ7AkXUuiMKtdjmR7","previousCounter":0,"rootKey":"zJtpOgqTg3pUjfcoK0akeQTwNINStUU/FXMZSb4FUDA="},"indexInfo":{"baseKey":"BaeM/1w+m9or5tvQxfNfmkNzej7kuKqDOViFvYrDhGhp","baseKeyType":2,"closed":-1,"used":1753439826348,"created":1753439826348,"remoteIdentityKey":"BZU5Y8oGyeAH3pDeLsShpHdtHnkHpoHOPTYa1e+XxisN"},"_chains":{"Ba706m+CGron7/MIcWDtgig+0f6wJ7AkXUuiMKtdjmR7":{"chainKey":{"counter":3,"key":"tDwPQYu3J5XAvV/fsMfwIdKEcuwUShUxdoehOe33Tf4="},"chainType":2,"messageKeys":{}},"BdNFf/JVr4g2tRZb3MvwlPchdEE2m75Q6sCsKpL9DgRF":{"chainKey":{"counter":-1,"key":"BbvIuWtn+anYdKPBQTlbD+8jDrVDXT0HM621ld0JZEg="},"chainType":1,"messageKeys":{}}}}},"version":"v1"}