{"_sessions":{"BeJvK8cbmCrtopIYC87zgPTNP2V7DzbyHOxqSJvzQGAc":{"registrationId":887311242,"currentRatchet":{"ephemeralKeyPair":{"pubKey":"BQelItw1Ms2KTndSTz5b3cLQTTscansY1FWjIA3s6zIL","privKey":"cDLbusSJv8/4aquvSmdCBOhHVdR9HKHawy74v3Z5TWo="},"lastRemoteEphemeralKey":"BZLn5BT/av3fpsijTpq1b4MgNhZrS64BvbdtDplC/0cD","previousCounter":0,"rootKey":"tWqvqLgkkDarQifvbPYyh2762EyfFDy/6s8PraX/PWQ="},"indexInfo":{"baseKey":"BeJvK8cbmCrtopIYC87zgPTNP2V7DzbyHOxqSJvzQGAc","baseKeyType":2,"closed":-1,"used":1753448995722,"created":1753448995722,"remoteIdentityKey":"BVwq2a3aB9tA2bBYZmaJnpDP0Ttz7wKax5cnRR4TXeg7"},"_chains":{"BZLn5BT/av3fpsijTpq1b4MgNhZrS64BvbdtDplC/0cD":{"chainKey":{"counter":0,"key":"iQ1scECKWCDK0cl3qiDuJyntZZ+Bqs/xnBE7fLHGCF0="},"chainType":2,"messageKeys":{}},"BQelItw1Ms2KTndSTz5b3cLQTTscansY1FWjIA3s6zIL":{"chainKey":{"counter":-1,"key":"XyPDzuRv/CSWfIQoRN/0UnUp/4T68P+1DWCihmR4OpA="},"chainType":1,"messageKeys":{}}}}},"version":"v1"}