{"_sessions":{"BW/ShnX8iwFkJJkT+RHFHLcBY3nRyTOxpPpntRwz/iN+":{"registrationId":283930205,"currentRatchet":{"ephemeralKeyPair":{"pubKey":"BRSkno1hj+UsMTjLyQVH8Pp54NpD9WcOU4bX5AuL7vN2","privKey":"aH8nWY7ar6GSwXBtdtFIhwWTDagOo9RqDzPOu1fB63M="},"lastRemoteEphemeralKey":"BQAHQUCaqWwcnXi+fD0/4dCmZ13+IrP8TrOMi1VI3jt3","previousCounter":0,"rootKey":"MqMh5Jzm8Td4b9p//enQCUM5xReyNmQ9L6nv6RZkjY4="},"indexInfo":{"baseKey":"BW/ShnX8iwFkJJkT+RHFHLcBY3nRyTOxpPpntRwz/iN+","baseKeyType":2,"closed":-1,"used":1753439825835,"created":1753439825835,"remoteIdentityKey":"Bd+i8i/yt0ZvhhtgSqNyId6JEqJb6VV+uhYzWKyM4esG"},"_chains":{"BQAHQUCaqWwcnXi+fD0/4dCmZ13+IrP8TrOMi1VI3jt3":{"chainKey":{"counter":1,"key":"K3aahvl4rI8CZc1kC7OuNLWyasiBsnF5ZC8B9XYP8ns="},"chainType":2,"messageKeys":{}},"BRSkno1hj+UsMTjLyQVH8Pp54NpD9WcOU4bX5AuL7vN2":{"chainKey":{"counter":-1,"key":"2rsPIQ6t+DpB/qfjdFSitFXqz6h3lVIC04GFWroqL9w="},"chainType":1,"messageKeys":{}}}}},"version":"v1"}