{"_sessions":{"BSYrReAw7fkgGwLICFiAF09HId1s7P4HJojgQWkHAY5g":{"registrationId":1088012546,"currentRatchet":{"ephemeralKeyPair":{"pubKey":"BdGmp6VmlUf3n9QYQ8dVI3rDbchI+Au2fh4shGySURwb","privKey":"oAU/AWdMm3Pt2NEtq+y23jfY4N1zVTcxudJ5DjISG2g="},"lastRemoteEphemeralKey":"BbuFb6D/r1it/8TzZW4Nn4LOFTbhY9CxDrEA7Ullm8pu","previousCounter":0,"rootKey":"TVD0jNR87DeNq9oAdzFduG+mYT8ymkcP7+IJSNLWAis="},"indexInfo":{"baseKey":"BSYrReAw7fkgGwLICFiAF09HId1s7P4HJojgQWkHAY5g","baseKeyType":2,"closed":-1,"used":1753439860368,"created":1753439860368,"remoteIdentityKey":"BfCCWo+o3SsGmuAUqecamtxNFLua376uCpTQNITxtVtn"},"_chains":{"BbuFb6D/r1it/8TzZW4Nn4LOFTbhY9CxDrEA7Ullm8pu":{"chainKey":{"counter":4,"key":"y2gpqP1+f9h7UrYciURN2vwdK/pxtPKrigZX/Qq0WNU="},"chainType":2,"messageKeys":{"3":"b0ODHqaQnngdJc8/VbdHKB0tHktJiBJi5wYHzzMnzaI="}},"BdGmp6VmlUf3n9QYQ8dVI3rDbchI+Au2fh4shGySURwb":{"chainKey":{"counter":-1,"key":"k18HhjaeVaaAa1CNmm5XL03JdSnDgXuG+l/tGeOz7C0="},"chainType":1,"messageKeys":{}}}}},"version":"v1"}