{"_sessions":{"BSwCcvJVoQTF3jC33qRU5wXVPo9BQCNhJKWov64tqhMo":{"registrationId":983696678,"currentRatchet":{"ephemeralKeyPair":{"pubKey":"BcpSJ1kfGQqmCgxBRheCE9qWRMjgsfzVr6ECtqGQcGcZ","privKey":"kFuDeNM3S91DwRRUnLIoiwdiTHSkZ9BzFrEzXGTfsWI="},"lastRemoteEphemeralKey":"BYwrQYS58R/WEXwApO9f9FwKhwvFZ1/dbHHgaSll4IFA","previousCounter":0,"rootKey":"3xLt2MaJ3wKnCs7ZOZrnJ89W6xGzdGhJvMVcBhvGUt4="},"indexInfo":{"baseKey":"BSwCcvJVoQTF3jC33qRU5wXVPo9BQCNhJKWov64tqhMo","baseKeyType":2,"closed":-1,"used":1753518849963,"created":1753518849963,"remoteIdentityKey":"BfxS8AYMJ5+rFZpXMhsRmm1iXpbABxLV+3FLaIPgk1MS"},"_chains":{"BYwrQYS58R/WEXwApO9f9FwKhwvFZ1/dbHHgaSll4IFA":{"chainKey":{"counter":0,"key":"v0xU/BH3tffufSBer5uRTc3OG6Y4NR6s017lW2hFMb4="},"chainType":2,"messageKeys":{}},"BcpSJ1kfGQqmCgxBRheCE9qWRMjgsfzVr6ECtqGQcGcZ":{"chainKey":{"counter":-1,"key":"O1/0dnDnXCQsY4lRhKO5dqS+qUkDa7TEjjZZ20lGjto="},"chainType":1,"messageKeys":{}}}}},"version":"v1"}