{"_sessions":{"Ba0rXaydOEDcpfbsVlwBJx7ivb/QaO0s8VuPLvjmqAUl":{"registrationId":347251165,"currentRatchet":{"ephemeralKeyPair":{"pubKey":"BYybiHt5zS21vE49wSl4zlhSQCGZBnrfytxZJj+OHIo4","privKey":"kFj+N5cdIzkxL2LkimX3Ezq8Gwe9ahHwtX7xXXJQU1k="},"lastRemoteEphemeralKey":"BT/GMaLxIpZtSpdszNfdNvxOPYlSEHf7dQxDaRYcTYts","previousCounter":0,"rootKey":"vtpiFVLdjq/9zOWtKmGn3onI0YVxsNRogYJnhLrrDhQ="},"indexInfo":{"baseKey":"Ba0rXaydOEDcpfbsVlwBJx7ivb/QaO0s8VuPLvjmqAUl","baseKeyType":2,"closed":-1,"used":1753518824856,"created":1753518824856,"remoteIdentityKey":"BTUPfqvW116U6N317ZVuovlG1rP0EMMYvCfYvYgr+ppN"},"_chains":{"BT/GMaLxIpZtSpdszNfdNvxOPYlSEHf7dQxDaRYcTYts":{"chainKey":{"counter":1,"key":"HAaaj9UZrNqTHaiOrTJA+zC5aDJ16Z+UpUtAyJoOa38="},"chainType":2,"messageKeys":{}},"BYybiHt5zS21vE49wSl4zlhSQCGZBnrfytxZJj+OHIo4":{"chainKey":{"counter":-1,"key":"L4kfia6KT7UXusS+ACjlmODbJP/quBsiKiUxMKles+Q="},"chainType":1,"messageKeys":{}}}}},"version":"v1"}