{"_sessions":{"BW7/hGiodtMpZFHg8ilWrmdcK1gkOVOstpH9/SQZh3IN":{"registrationId":1011380635,"currentRatchet":{"ephemeralKeyPair":{"pubKey":"BUYVUToL4Oc6P8VD7N/gApZKO5FBc48GROzlMejh9vAM","privKey":"IEPNGwxtal4SUUzPG7HtgmHWdMBrNx+2OKKC5ZhJUlg="},"lastRemoteEphemeralKey":"BZ25Ra6w2CuMyovoLG+6ucARIzu8WX1SpKqDSzFedosO","previousCounter":0,"rootKey":"wF/+qybv7dyM/ooJM/9ENje8F7QndXeAG+nUdAFQqvc="},"indexInfo":{"baseKey":"BW7/hGiodtMpZFHg8ilWrmdcK1gkOVOstpH9/SQZh3IN","baseKeyType":2,"closed":-1,"used":1753439819769,"created":1753439819769,"remoteIdentityKey":"Baff/dq0es1UPlDXcWYsF0xf/RbX0U/HOsSK7oKkCUBf"},"_chains":{"BZ25Ra6w2CuMyovoLG+6ucARIzu8WX1SpKqDSzFedosO":{"chainKey":{"counter":6,"key":"8stIvj5Zz1o37SV478UfJ6pX6wxfgRAwm/w+geiXZdA="},"chainType":2,"messageKeys":{"2":"1nRRd5RjX66W2CL1xlKlTaQJVAlavysutiZ7ysovV5I=","3":"jGrAJI+TDkqPxp145i/murUn0BCuFhd0XHqqBuzKpFQ="}},"BUYVUToL4Oc6P8VD7N/gApZKO5FBc48GROzlMejh9vAM":{"chainKey":{"counter":-1,"key":"lEoJiq8j9oaz/2xWgEL6FZ6Q3TJ79un9QxuGCJyWxcg="},"chainType":1,"messageKeys":{}}}}},"version":"v1"}