{"_sessions":{"BeOoSd0n+lHWMxHUgsp3yWgKrYEXkZJvMHydp8YS/OlS":{"registrationId":391742049,"currentRatchet":{"ephemeralKeyPair":{"pubKey":"BfjGrjLM36YCEaUt0601654q6gZUQeH/s0P60AT6m8tp","privKey":"ULDmaUh7P3eb5JKGQILnfjbvM+5vKyMM9oCXVhmkSHc="},"lastRemoteEphemeralKey":"Bfg8ksvWUaRGPcyQ+QexNk3bAntZcC2aboA0IIdsvMET","previousCounter":0,"rootKey":"JeIjnbz5BPP2Qd+OlZwLX7sOufm5hkIVlM1Zo5wUdjU="},"indexInfo":{"baseKey":"BeOoSd0n+lHWMxHUgsp3yWgKrYEXkZJvMHydp8YS/OlS","baseKeyType":2,"closed":-1,"used":1753439826123,"created":1753439826123,"remoteIdentityKey":"BTe3sAgg43+9K9IW87YwHoE00sEtZjG3H1TH+tWwcTFt"},"_chains":{"Bfg8ksvWUaRGPcyQ+QexNk3bAntZcC2aboA0IIdsvMET":{"chainKey":{"counter":2,"key":"JunDzjIhWSqnHuVLPLNSIdCibpIPYCcKA9fSsY54wo8="},"chainType":2,"messageKeys":{}},"BfjGrjLM36YCEaUt0601654q6gZUQeH/s0P60AT6m8tp":{"chainKey":{"counter":-1,"key":"N3HLupV0CmnN8t9Pu0QJA1S5ch13vcLO0xbMLk7DaP4="},"chainType":1,"messageKeys":{}}}}},"version":"v1"}