{"_sessions":{"BZ+o3CwAS9LsaIfrDNoNfK7wwNr/FBCxjhXo9tVERQp+":{"registrationId":1224658704,"currentRatchet":{"ephemeralKeyPair":{"pubKey":"BdKQabprfZ2N6HsJpUXnyUWZKV0L8vbwF95wPDrEE5M8","privKey":"8PXbD/79AFCUysKq+m7aYPPvK+bSAsepGp2lFz5Q50M="},"lastRemoteEphemeralKey":"BYetEJ7IgeUVY8pq5/1Q/hYMSEFnJm/e+Ha68h7osiYq","previousCounter":0,"rootKey":"kVlbRVMLw3f+NFh8ZAiz8VL4H7ouoZS14r3xmVBg88M="},"indexInfo":{"baseKey":"BZ+o3CwAS9LsaIfrDNoNfK7wwNr/FBCxjhXo9tVERQp+","baseKeyType":2,"closed":-1,"used":1753376731621,"created":1753376731621,"remoteIdentityKey":"BRSDValTvcsB26uejdTE9FbOwyTTFhE48ZshH9SDoGZu"},"_chains":{"BYetEJ7IgeUVY8pq5/1Q/hYMSEFnJm/e+Ha68h7osiYq":{"chainKey":{"counter":11,"key":"ye5Sw1wdilG+26A6RQ2FJ/Msk54VUcQGoG6naaFJl8E="},"chainType":2,"messageKeys":{"1":"8oR2JSmZvsyPpgdLpHVc+3gWXlYwNbmU+P4kR6DBNGk=","2":"CeYl9uhs1YHX/PQepbdmgjFrggOi+nP89CwHEC57vA4=","3":"d2BqmbldpHyp/2Kx82M+9hka0jc9juRFixePuvSpcUk=","4":"+6F1OHCzQ2AYwgAHT0eNG2I+a3qKXm1zGU95HBBusUI=","5":"TQ9dOLkpJ1/4ldz+X79fW1gXuglKGyLeZpp31yxyjRo="}},"BdKQabprfZ2N6HsJpUXnyUWZKV0L8vbwF95wPDrEE5M8":{"chainKey":{"counter":-1,"key":"f/hyHUMLRIc0QxbgBW9VueizP15vU30idKey/DF+ATs="},"chainType":1,"messageKeys":{}}}}},"version":"v1"}