{"_sessions":{"BfRiJFISBVfY6GaR9hOo4MA56K7CF01rgcrigcinGwdy":{"registrationId":546195909,"currentRatchet":{"ephemeralKeyPair":{"pubKey":"BXnbM+NLOKYLXjb8Z+/il0Nui4LSdnUPQ7Ah6kU6npsk","privKey":"YAh5QRCNIg50WLVvpi37MKQRV1rtvJSkvY/7/49gUW8="},"lastRemoteEphemeralKey":"Bb0jkQe9hXjjwlO8u/mIAKJ30YR/xCIq8KUwzEBABRwB","previousCounter":0,"rootKey":"Q8YN9INIUQBcF2JOSAXFIp+Wmyno2Za+Dknqy5a0nNw="},"indexInfo":{"baseKey":"BfRiJFISBVfY6GaR9hOo4MA56K7CF01rgcrigcinGwdy","baseKeyType":2,"closed":-1,"used":1753439858327,"created":1753439858327,"remoteIdentityKey":"BQ2s0bog5JujaIX6r1wrBROQihvDe9NgkrwuBm6Fen1Q"},"_chains":{"Bb0jkQe9hXjjwlO8u/mIAKJ30YR/xCIq8KUwzEBABRwB":{"chainKey":{"counter":4,"key":"FxLwoCoftlTQ2X+opAd5B8XEGdM4Dm13zOqg/cs56Nk="},"chainType":2,"messageKeys":{}},"BXnbM+NLOKYLXjb8Z+/il0Nui4LSdnUPQ7Ah6kU6npsk":{"chainKey":{"counter":-1,"key":"+ooWZhP5eSShiGH3o8mC4T5t7P4uildGHpMZA+LpkSs="},"chainType":1,"messageKeys":{}}}}},"version":"v1"}