{"_sessions":{"BXtEJ+UFfbrbg8d6cBS5EKD4Qrc3oQToQ6K9Nq0q3mxK":{"registrationId":1106565004,"currentRatchet":{"ephemeralKeyPair":{"pubKey":"BZkd7Slt7KO0YHir3aG2tscNYzyTjlfPkfaEjdokDjke","privKey":"gGAJUtyzXMsGi0VymZiBuh9j1yYw4Ds2hrgS85vinlI="},"lastRemoteEphemeralKey":"BRtAogm+paJy51x5GCCHFlNM00RFcRS6H+jhXxizUeUc","previousCounter":0,"rootKey":"RdvhWIZY7vUJnqALd6z+Qa+zRoCUYOLXR/VL+rs7k6k="},"indexInfo":{"baseKey":"BXtEJ+UFfbrbg8d6cBS5EKD4Qrc3oQToQ6K9Nq0q3mxK","baseKeyType":2,"closed":-1,"used":1753377049490,"created":1753377049490,"remoteIdentityKey":"BTxZl4sv6aWp4d4fAbGj98BmMHjii9XYMGjPQBYhYJV1"},"_chains":{"BRtAogm+paJy51x5GCCHFlNM00RFcRS6H+jhXxizUeUc":{"chainKey":{"counter":4,"key":"jsosUeeraGmDLAS+1dWo/62YVw3fAEbVjEuvnlJ0fXQ="},"chainType":2,"messageKeys":{}},"BZkd7Slt7KO0YHir3aG2tscNYzyTjlfPkfaEjdokDjke":{"chainKey":{"counter":-1,"key":"P4hccJDXkq6tV32KHJbdTNaFhnYHiEmGMr/boAU6JXY="},"chainType":1,"messageKeys":{}}}}},"version":"v1"}