{"_sessions":{"BZhQi1tJ6WKUG0vgV5IRw9TV2No2VjtxXRFLOYrahHFh":{"registrationId":140434698,"currentRatchet":{"ephemeralKeyPair":{"pubKey":"BVBDbyKvzvticpjx2Ue3TesWcGLB4FTCn/zHHrrKN2I0","privKey":"eJmc8eUVNHdmf5VnbO9PGGtCVw68FgUp+65Cq2ZLEVs="},"lastRemoteEphemeralKey":"BdcJbKyLkhtstucrZzjCAHmdKKutz44PqjOvHqkvEXxQ","previousCounter":0,"rootKey":"wmzzBjYCeRZi+XlAqZg0dgclbAJJ9ADRV37PtTctgKk="},"indexInfo":{"baseKey":"BZhQi1tJ6WKUG0vgV5IRw9TV2No2VjtxXRFLOYrahHFh","baseKeyType":2,"closed":-1,"used":1753439833512,"created":1753439833512,"remoteIdentityKey":"BbuiAwi1jiPXYR3qMvzV0xfDqO8CVVGWIF3JUtxUgXA/"},"_chains":{"BdcJbKyLkhtstucrZzjCAHmdKKutz44PqjOvHqkvEXxQ":{"chainKey":{"counter":14,"key":"82OlT4UPMTXoIOdesw5ooCVOYBb9M/aCqpsOK8Afs8E="},"chainType":2,"messageKeys":{}},"BVBDbyKvzvticpjx2Ue3TesWcGLB4FTCn/zHHrrKN2I0":{"chainKey":{"counter":-1,"key":"ysiUBBKvZZiL5njquhzraBGw23BAmwqrySY1YJuwpPM="},"chainType":1,"messageKeys":{}}}}},"version":"v1"}