{"_sessions":{"BR/UQCz/Gr7lwq/PvFF43qMtciClaxxzK+Wmn6M6ssFJ":{"registrationId":189634715,"currentRatchet":{"ephemeralKeyPair":{"pubKey":"BbFTnYtcIR+PiqSUmXsruxCv3w2pedVv/rImlj0tQooX","privKey":"4C9vYBAFfR39TSqghppBfVVddvxzBRD9eWy8TmprM10="},"lastRemoteEphemeralKey":"BewLFKZow5dZSndyas+o1QhZNOyV2nkNjf1mGtfE6cs7","previousCounter":0,"rootKey":"kAj6H/m/pJI91PvxRiILrdLz0pyPYyhPmVHdsHZkeXU="},"indexInfo":{"baseKey":"BR/UQCz/Gr7lwq/PvFF43qMtciClaxxzK+Wmn6M6ssFJ","baseKeyType":2,"closed":-1,"used":1753376983387,"created":1753376983387,"remoteIdentityKey":"BZhTyBSSlOl24BgKBdPmYFVitZlJAL0zGpLXSw3ySCcq"},"_chains":{"BewLFKZow5dZSndyas+o1QhZNOyV2nkNjf1mGtfE6cs7":{"chainKey":{"counter":1,"key":"Ejd47nK1SZ5hv5cvATizwTuvIbIkptVK93ri6i3cxb0="},"chainType":2,"messageKeys":{}},"BbFTnYtcIR+PiqSUmXsruxCv3w2pedVv/rImlj0tQooX":{"chainKey":{"counter":-1,"key":"ZJggNmSFLi2znq7SGyReIkB5CiBLgROUnwtRmolRj7A="},"chainType":1,"messageKeys":{}}}}},"version":"v1"}