{"_sessions":{"Bd84vCzQPTe3v8plVpIiWichsRL852kwwdAk9ItUMFcU":{"registrationId":83123893,"currentRatchet":{"ephemeralKeyPair":{"pubKey":"BXn+vEwtlKuv7N4/1MQGCD6yoQCBO4ECx7LlKxO5U8JF","privKey":"AEwg++cfhJUexukOGPiuC/+ZjvZR+glHhOYpQcUxvFE="},"lastRemoteEphemeralKey":"BX2vc/gqYQjp5UcftpglmGl7et4huYxCKbGULGgUWX0c","previousCounter":0,"rootKey":"sDWoZzk5oLbtHlXRw6VCjuG8ou3YRJkvyrL5mqCX634="},"indexInfo":{"baseKey":"Bd84vCzQPTe3v8plVpIiWichsRL852kwwdAk9ItUMFcU","baseKeyType":2,"closed":-1,"used":1753518826314,"created":1753518826314,"remoteIdentityKey":"BU59GIDep6ryvNFzVBh0iuOqUW9sbXz37k7g3/lCzGQ2"},"_chains":{"BX2vc/gqYQjp5UcftpglmGl7et4huYxCKbGULGgUWX0c":{"chainKey":{"counter":4,"key":"EVYM70iWXxgWfEEws3D2pOEFWwfOqHySo0x+7FTn0zU="},"chainType":2,"messageKeys":{"0":"BVgTw5EiwTqYixASP7jgM04vMkoJ+ePQ7ObmPHinjmA="}},"BXn+vEwtlKuv7N4/1MQGCD6yoQCBO4ECx7LlKxO5U8JF":{"chainKey":{"counter":-1,"key":"g1UCOphoqQ225+SQatM8iHgsfkpo8KK3F3+gSf55M3g="},"chainType":1,"messageKeys":{}}}}},"version":"v1"}