{"_sessions":{"BYFQH00ns9f9KKtZkuPNuHHMmbIDwCFQVh4b8K0JRIk/":{"registrationId":650228685,"currentRatchet":{"ephemeralKeyPair":{"pubKey":"BV2kl0i7FZmH/ns/cLNxO7aMbzDnJ2lIy7OflQoS/RdG","privKey":"UCFwpCXHB7R/ETkJjCMAj2yZ+uaMH1bJNcEfj3LRB2c="},"lastRemoteEphemeralKey":"BQCKiQdnNilnCAwejFaTb4C3BXTZd5YnJh5n+BNU/RYn","previousCounter":0,"rootKey":"yBevt93eiV2MuJsI5F7yizZ7POOhNJ6eADm9v0SlTVc="},"indexInfo":{"baseKey":"BYFQH00ns9f9KKtZkuPNuHHMmbIDwCFQVh4b8K0JRIk/","baseKeyType":2,"closed":-1,"used":1753439867894,"created":1753439867894,"remoteIdentityKey":"Bd+Morvs0SFj1C5Vk+tZ8wg718FJEOfZtdpjxzGwSGRB"},"_chains":{"BQCKiQdnNilnCAwejFaTb4C3BXTZd5YnJh5n+BNU/RYn":{"chainKey":{"counter":2,"key":"Z84hhaag3k4RPup/OaFP/nMgGyd82PWIRR7//RAkPx0="},"chainType":2,"messageKeys":{}},"BV2kl0i7FZmH/ns/cLNxO7aMbzDnJ2lIy7OflQoS/RdG":{"chainKey":{"counter":-1,"key":"lt+OHE97xeiWa5MDC6J7tdUYxdvptcgwZext1KjoNYI="},"chainType":1,"messageKeys":{}}}}},"version":"v1"}