{"_sessions":{"BRduXkr4QbV8kE8P1GWcZEL4hhgarFncf6qQVKB/OLtT":{"registrationId":186078660,"currentRatchet":{"ephemeralKeyPair":{"pubKey":"BfWIUqhL4k/IpogdAdqRankAYFOM4iUv4fbtK7YWqh58","privKey":"GEY3qF13i54iMLU9hu7xD+VHiA6iirWnSeHmoupVq2I="},"lastRemoteEphemeralKey":"BQVcN6N5OFNmN+zLUFZV1P2Ey0tm6NPeiAFRjr+Yts1g","previousCounter":0,"rootKey":"L6JuN3e83o2FIjaVrSyCr40ZE/zaEHGnUljZqxiAnc4="},"indexInfo":{"baseKey":"BRduXkr4QbV8kE8P1GWcZEL4hhgarFncf6qQVKB/OLtT","baseKeyType":2,"closed":-1,"used":1753518787504,"created":1753518787504,"remoteIdentityKey":"BbQybTsAB6EkfLErrLYgoMSRvlQsvWq1eLVElmrNeuFa"},"_chains":{"BQVcN6N5OFNmN+zLUFZV1P2Ey0tm6NPeiAFRjr+Yts1g":{"chainKey":{"counter":1,"key":"k5lopj0KjwrG1IZc8QMfwr8pehYG0NmrQVNcE7JziyQ="},"chainType":2,"messageKeys":{}},"BfWIUqhL4k/IpogdAdqRankAYFOM4iUv4fbtK7YWqh58":{"chainKey":{"counter":-1,"key":"TTfa/nj044z0t9sKjtmPIGNzHm0OnCxKihyhSareXDI="},"chainType":1,"messageKeys":{}}}}},"version":"v1"}