{"_sessions":{"Be3gOpz+jDQ4ame9tEZizvNKB4OpwkLgc8IRjiV9JAwi":{"registrationId":2134808496,"currentRatchet":{"ephemeralKeyPair":{"pubKey":"Bf6gkvR/Fogx3fjNI/cTsuZLuOvb23/KIRvHko8FDad6","privKey":"+BxK4VHDL18h3899yRWUelElnrMaIhky+9lTvLeKCEc="},"lastRemoteEphemeralKey":"BS192/8Vh52LS1pe41m6H6ES1/qEQTFa2anftzp/MeEz","previousCounter":0,"rootKey":"B65laAO1wjJBi1lDm3+SE9FyC6YZwPKQabyioge9ByI="},"indexInfo":{"baseKey":"Be3gOpz+jDQ4ame9tEZizvNKB4OpwkLgc8IRjiV9JAwi","baseKeyType":2,"closed":1753379746357,"used":1753379292940,"created":1753379292940,"remoteIdentityKey":"BcY3RJqWjP76W4JUHRhnvT8DoRDXs5WorysRsqvXbkkr"},"_chains":{"BS192/8Vh52LS1pe41m6H6ES1/qEQTFa2anftzp/MeEz":{"chainKey":{"counter":0,"key":"/ejgR31R3+3KeTEVzyaHKZFbnKqqb4KR/lqOsu4Yq9Y="},"chainType":2,"messageKeys":{}},"Bf6gkvR/Fogx3fjNI/cTsuZLuOvb23/KIRvHko8FDad6":{"chainKey":{"counter":-1,"key":"nOM5XIld8JyhaPumAAoNycA69cIViykaS8ZgmxJ6rSE="},"chainType":1,"messageKeys":{}}}},"BT7VhTfkVkQJqyIMPBfzKmimP9dvp7b7LpSjDxaslDVU":{"registrationId":2134808496,"currentRatchet":{"ephemeralKeyPair":{"pubKey":"BQ+0wXmvAMyjlet287miBUlnxPxZqshlLegREZbfC6U4","privKey":"YHEb8i8ogRNtUt8eXVsCFW++iJTmP237uUqwSpCEjUU="},"lastRemoteEphemeralKey":"BYY11/Fk0VNJ5bwTK9RaSfYMBYKfwljmZZ452H8+PJk/","previousCounter":0,"rootKey":"3H1SBgGTwkxwa5w8ogQ9BCG00njVT/4LQOfnhoO4hXw="},"indexInfo":{"baseKey":"BT7VhTfkVkQJqyIMPBfzKmimP9dvp7b7LpSjDxaslDVU","baseKeyType":2,"closed":-1,"used":1753379746358,"created":1753379746358,"remoteIdentityKey":"BcY3RJqWjP76W4JUHRhnvT8DoRDXs5WorysRsqvXbkkr"},"_chains":{"BYY11/Fk0VNJ5bwTK9RaSfYMBYKfwljmZZ452H8+PJk/":{"chainKey":{"counter":0,"key":"lPSiZ+pn0pMdOqx6h4ITRSMUG2aorsLwf1JIHz1fbww="},"chainType":2,"messageKeys":{}},"BQ+0wXmvAMyjlet287miBUlnxPxZqshlLegREZbfC6U4":{"chainKey":{"counter":-1,"key":"AXtf9SiZAJJOyVPUzFebjfz0j3jbovS7UcOSZnZqSdA="},"chainType":1,"messageKeys":{}}}}},"version":"v1"}