{"_sessions":{"BZoBvrwCeHtwosYvgqWkatqi7pZ55tPVIOk3ZNr56ON9":{"registrationId":53294863,"currentRatchet":{"ephemeralKeyPair":{"pubKey":"BWKeXuYv0XaYKXpNf36ThK7FoGcrMHf2Z+eqSkczdbNU","privKey":"QJ/UOhP0mAFwh95MFMbFb19+Np0E4NoKVTU23KnMYE0="},"lastRemoteEphemeralKey":"BeuFMKA9PK0C/vQCU0jKfbGUUBmhLTHijYZPVcXGyk1R","previousCounter":0,"rootKey":"RuG9C1/zW53gJvA89KONR+N4oKJA6OvSrxWIwlbUA94="},"indexInfo":{"baseKey":"BZoBvrwCeHtwosYvgqWkatqi7pZ55tPVIOk3ZNr56ON9","baseKeyType":2,"closed":-1,"used":1753518874736,"created":1753375332121,"remoteIdentityKey":"BeGWtVUA0ewaSznFW1kMp4AVywTKp5hUTf3gFD9VHgt7"},"_chains":{"BcInDdUWPMMt0dApfQrT8SU0KdHdL6Kja92TxxGgsJNl":{"chainKey":{"counter":0},"chainType":2,"messageKeys":{}},"BZuZx41j+k7hb8dLzFrCdF8nN31JjUMcjcOg7QME08og":{"chainKey":{"counter":0},"chainType":2,"messageKeys":{}},"BeETCjHqftZALbDCA57iWyq5RuMQR/aJWtjyz10PCwJm":{"chainKey":{"counter":0},"chainType":2,"messageKeys":{}},"BQbBxy9Ou/JzPj9gK0aXx5xR340aV6hKCY+YJQhMHv0j":{"chainKey":{"counter":0},"chainType":2,"messageKeys":{}},"BdTuqvXLRlL8bH1cyJrYqhavevCOKmdmZ0F1ZeoVAeJo":{"chainKey":{"counter":0},"chainType":2,"messageKeys":{}},"BcuM7Uh+BjOiNPRHYqJLOXYV0O3ng1yY1yS069zVfSgc":{"chainKey":{"counter":0},"chainType":2,"messageKeys":{}},"BdYScp5tZ0IdT19WZa5JDt157YcRGzlm/DydeFZeJVZa":{"chainKey":{"counter":0},"chainType":2,"messageKeys":{}},"BT2ycXHuX6imrQj4nbhCB49l5bwkyfJlK/GWg1ZnHL8n":{"chainKey":{"counter":0},"chainType":2,"messageKeys":{}},"Bdr0CBbpuZbpjigmGzGZQ4/FU8HWXOt/BQWyDOsaTLtx":{"chainKey":{"counter":0},"chainType":2,"messageKeys":{}},"BdEF8sG5rpjyRDEIhSYKIASSGbp7s5O6qSX+/1x7l4sT":{"chainKey":{"counter":0},"chainType":2,"messageKeys":{}},"BRmpJ/d6YATUvNIJnv99utRarhPVjmgZ5TGtQA1fn7Rv":{"chainKey":{"counter":0},"chainType":2,"messageKeys":{}},"BUinoBDcY7ue+YK6bSszfQclLvtIIEHirfHZj328miFO":{"chainKey":{"counter":39},"chainType":2,"messageKeys":{"22":"mjzqYe5tR/s41P1TqdOlCi+ZFwBlzQtG8hvc19Gfm8E=","23":"/0EWAMHaq7AG9iXS/dnEUofwYNMubpUxai3H1ZWEhrU=","33":"9ckkFOoWIJ4hOr4nxc+U1VCF3NlKkKKkqN291ADp49I=","34":"QpPFi9MErdHiiUbo6HdaOXk35EFFF7kiSoQkgVGSKQU=","37":"LX0P7ZNcUUPiIG/L7jhQSNh9BYQ9Rafhw3iXuVx6f9c="}},"BUn9266IyPnDWjLCIQQUbKsGyB6VMJhCzyP8+QkdC2ty":{"chainKey":{"counter":0},"chainType":2,"messageKeys":{}},"BeuFMKA9PK0C/vQCU0jKfbGUUBmhLTHijYZPVcXGyk1R":{"chainKey":{"counter":29,"key":"s9xOC15blNnloVlAf/GQ9jys2rT7f+OtBk1QUMNQApA="},"chainType":2,"messageKeys":{"12":"dXFtC6f3Vh1++TXYQtNZqFlX4Ol5gdeE9TEjBGMtnQc="}},"BWKeXuYv0XaYKXpNf36ThK7FoGcrMHf2Z+eqSkczdbNU":{"chainKey":{"counter":-1,"key":"dWrzalMtSKLpz61dZSxYXbubaeCM7L995zmeAKxnEa0="},"chainType":1,"messageKeys":{}}}}},"version":"v1"}