{"_sessions":{"Bd84vCzQPTe3v8plVpIiWichsRL852kwwdAk9ItUMFcU":{"registrationId":83123893,"currentRatchet":{"ephemeralKeyPair":{"pubKey":"BV6xgjZKgiRf3X1iRad2I8Xr954Q9g6poHFEfECW0jx6","privKey":"WFm7o0S9wssf92QzFXrhB1LDcGfG7eG0FUmLLUjdbEw="},"lastRemoteEphemeralKey":"BX2vc/gqYQjp5UcftpglmGl7et4huYxCKbGULGgUWX0c","previousCounter":0,"rootKey":"GGTAiqg9i1VReV1xar0oS2cwi1SfwIGfPVIfxvZFpKc="},"indexInfo":{"baseKey":"Bd84vCzQPTe3v8plVpIiWichsRL852kwwdAk9ItUMFcU","baseKeyType":2,"closed":-1,"used":1753377658737,"created":1753377658737,"remoteIdentityKey":"BU59GIDep6ryvNFzVBh0iuOqUW9sbXz37k7g3/lCzGQ2"},"_chains":{"BX2vc/gqYQjp5UcftpglmGl7et4huYxCKbGULGgUWX0c":{"chainKey":{"counter":0,"key":"QOtEULlhCJW0nfCl9BSMy+TD09OhxoXpdiL56ExT2Hk="},"chainType":2,"messageKeys":{}},"BV6xgjZKgiRf3X1iRad2I8Xr954Q9g6poHFEfECW0jx6":{"chainKey":{"counter":-1,"key":"BhwcM2NSbuPcpVKQ37VVFlz4p6mIJKtirHGf7ZUVrDc="},"chainType":1,"messageKeys":{}}}}},"version":"v1"}