{"_sessions":{"BSoXTuY6kzG7Od2GBFNJStIdjCueqT5bXGZMaQ5kogJW":{"registrationId":376478761,"currentRatchet":{"ephemeralKeyPair":{"pubKey":"BRFLXelAb8z0tmly9R1dW42jvELMhUNLHoVqLPeqCuY0","privKey":"qHP2N612g7LzzvM6uDrZKtu9K0MKaVv3apv9bviq10E="},"lastRemoteEphemeralKey":"Bbq3WPjMHDCrXNZvZlVAJBO/pNYLQuiSGxnpdOpXPJ9N","previousCounter":0,"rootKey":"lz4hjrItUpYItYrwEpbt7kSymIiETv8oHBrE6PXIqi4="},"indexInfo":{"baseKey":"BSoXTuY6kzG7Od2GBFNJStIdjCueqT5bXGZMaQ5kogJW","baseKeyType":2,"closed":-1,"used":1753439877772,"created":1753439877772,"remoteIdentityKey":"BXkZz/nj0Wk5sbBgXAbPjmu96trq1ZacnY0A+bSAThN8"},"_chains":{"Bbq3WPjMHDCrXNZvZlVAJBO/pNYLQuiSGxnpdOpXPJ9N":{"chainKey":{"counter":1,"key":"VgTdDh6Nrcvwx3LI1P0i4CBDicxgut9IfaaRmq3rJCo="},"chainType":2,"messageKeys":{}},"BRFLXelAb8z0tmly9R1dW42jvELMhUNLHoVqLPeqCuY0":{"chainKey":{"counter":-1,"key":"CwXXC4BcZowTPqXqGNZ2YACHcSDvJbOzRpPc2H9C11c="},"chainType":1,"messageKeys":{}}}}},"version":"v1"}