{"_sessions":{"BQByZT1G/DCCJBD0BmjMfE5l/vvNe/SSxMhkq8BYsxR/":{"registrationId":679681524,"currentRatchet":{"ephemeralKeyPair":{"pubKey":"BR6B8N9PDvhHWK5Lq96OgELL+GE3G3dNl5fC+QTDRmNK","privKey":"6CEfNYgisnmt30p3JBkAKq2uF9HfLeItwt2K9XBMXVI="},"lastRemoteEphemeralKey":"BTAU5pqxKNNOsWypG6GKo/ys8Zn0J1a8jfSC0NXhtXIQ","previousCounter":0,"rootKey":"+4f+G1HcOYxv+5RkDunJ5RPz8Tcf0CLnbVDGJ4BncKY="},"indexInfo":{"baseKey":"BQByZT1G/DCCJBD0BmjMfE5l/vvNe/SSxMhkq8BYsxR/","baseKeyType":2,"closed":-1,"used":1753518863271,"created":1753439831786,"remoteIdentityKey":"BaXSJ0EzbnEzDWlXrTM7YuyvlMI01Jk5/rpSarL6e/sj"},"_chains":{"BbQL7t2bspc9OeDBNHuL/r5Fvwu9mldc+UkLpqw6iJ0F":{"chainKey":{"counter":0},"chainType":2,"messageKeys":{}},"BTAU5pqxKNNOsWypG6GKo/ys8Zn0J1a8jfSC0NXhtXIQ":{"chainKey":{"counter":0,"key":"hpcj3VwrXthFPbUHaRQy85PDY6D9Q1RqnStLNpddMEg="},"chainType":2,"messageKeys":{}},"BR6B8N9PDvhHWK5Lq96OgELL+GE3G3dNl5fC+QTDRmNK":{"chainKey":{"counter":-1,"key":"vZijpolmgibVzUg4Yf4koVCQEwHyHkAJB92ud+qTwYY="},"chainType":1,"messageKeys":{}}}}},"version":"v1"}