{"_sessions":{"BZ7yD4yGzfaSqN9Bn1rosZvO5gFnD3f2467yhizI5rkn":{"registrationId":1664179347,"currentRatchet":{"ephemeralKeyPair":{"pubKey":"BZgSMPlcNd8GGVy04il9MH5YcL0nw/tO82aNSNcSe/02","privKey":"oHtJ8q1ZIy2ezG6Iq6+b+3vCVyLzh19I8qUi//GUFUs="},"lastRemoteEphemeralKey":"BX7Mlfh7MsdFaTBCSvADKdPXczBeVPjSiM0NAiwIgwkK","previousCounter":0,"rootKey":"9HY7u2wrQtTd/3hjTuv369RBU2YekAd122LY5PYBhYg="},"indexInfo":{"baseKey":"BZ7yD4yGzfaSqN9Bn1rosZvO5gFnD3f2467yhizI5rkn","baseKeyType":2,"closed":-1,"used":1753519298039,"created":1753519298039,"remoteIdentityKey":"Bc1oqgSzcV2vjucTw/3ywPhAMWzn/FQT8uR1mD2WpXUS"},"_chains":{"BX7Mlfh7MsdFaTBCSvADKdPXczBeVPjSiM0NAiwIgwkK":{"chainKey":{"counter":0,"key":"MhQ7psQ0XssQgUiP/2yg7OMr4LTgBp/mqYSxv3rBjaQ="},"chainType":2,"messageKeys":{}},"BZgSMPlcNd8GGVy04il9MH5YcL0nw/tO82aNSNcSe/02":{"chainKey":{"counter":-1,"key":"OV0vDw5GZ3ATVXs3PffQzrFybVuQC9qnzSlZeQA8Ej4="},"chainType":1,"messageKeys":{}}}}},"version":"v1"}