{"_sessions":{"Bf/5zrx1VFtV0ya39z2svw0N05IgdCJv3oTZTiGT0Wxt":{"registrationId":826786383,"currentRatchet":{"ephemeralKeyPair":{"pubKey":"BXIuddaXLKLPXIvNLK/3W766W9Fki/j3nRLtp8mCD1c1","privKey":"YOobpctFlwixWj46cg8b3QM/OtFFhzyJWs0oq2TNs2I="},"lastRemoteEphemeralKey":"BTkLlQI12xFNiuLEOL0YZ5uLzrjP+Duk8SaJjTdfrhRG","previousCounter":0,"rootKey":"4r/0sgW0K1WHXUr3bB/oOwwj1FyWl8blYVG3fYHCqow="},"indexInfo":{"baseKey":"Bf/5zrx1VFtV0ya39z2svw0N05IgdCJv3oTZTiGT0Wxt","baseKeyType":2,"closed":-1,"used":1753518786038,"created":1753518786038,"remoteIdentityKey":"BY14CocccZ+J6NvFBKbfnJgKTyLalGY2j/etn/3DXxZp"},"_chains":{"BTkLlQI12xFNiuLEOL0YZ5uLzrjP+Duk8SaJjTdfrhRG":{"chainKey":{"counter":0,"key":"NVgX1lJNmCEQ3oiPXCBXzXt0lVknq+T7OaYW5SYf6KU="},"chainType":2,"messageKeys":{}},"BXIuddaXLKLPXIvNLK/3W766W9Fki/j3nRLtp8mCD1c1":{"chainKey":{"counter":-1,"key":"cPr8w3d89uFQF7cMyOHKasQ/etjWnyn+G4YPfi4WdUQ="},"chainType":1,"messageKeys":{}}}}},"version":"v1"}