{"_sessions":{"BSAPxABYSSvPgzWSywL3zRE/ri/IUWX5f1zt5C+Py5A2":{"registrationId":1348506953,"currentRatchet":{"ephemeralKeyPair":{"pubKey":"BUZPaqK0MhwUhHbiqUStSPqHMiimRDPpN1szH7SD6hoU","privKey":"wOPqut3DHrEjrXLyEHWm3yarGvJLGO1dkGJ+Xgw2G2I="},"lastRemoteEphemeralKey":"BWHiw53MmYIqaTdBdFsHWrTU0HtF3kRYdkoBUy1lt+Zd","previousCounter":0,"rootKey":"thiCKG8v0Eqg9I9Yh5TKV8cZTEcF+VuCsatn+yy0QuE="},"indexInfo":{"baseKey":"BSAPxABYSSvPgzWSywL3zRE/ri/IUWX5f1zt5C+Py5A2","baseKeyType":2,"closed":-1,"used":1753518853531,"created":1753518853531,"remoteIdentityKey":"Bc1jjRuz+L+PALpiltX3Q0F6MYOhVaZg4DZo1ov61lYv"},"_chains":{"BWHiw53MmYIqaTdBdFsHWrTU0HtF3kRYdkoBUy1lt+Zd":{"chainKey":{"counter":5,"key":"Xol84yTBOtaBs/XixJxfL4JEWDJ1G4j7GyqoTkL7QD8="},"chainType":2,"messageKeys":{"0":"YY6he7SoDeWho4uKJHjANzM1r0FWfMKJkGrWV+Ma+c0=","1":"AYXUG0y/GxUUiF+Bn9ko+IUaZO5MmCdC3iIh8rtWM6Y=","2":"nBvSKL/7F2TO6in8/mp8Sw22PVjboCXPcrx7iwxlm2w=","3":"8uesIRTkOMWJl3pnZ7ClZPkMGZ2luKqYibPS9PciAKc=","4":"p9Ku2bsn42vo/sQfYnVNBLYWtl88mM6ClZL+Z8/v1gI="}},"BUZPaqK0MhwUhHbiqUStSPqHMiimRDPpN1szH7SD6hoU":{"chainKey":{"counter":-1,"key":"V0KlHPcK+oPB7y9Kkal2WYvI683OU0FPvkD08eQw5hI="},"chainType":1,"messageKeys":{}}}}},"version":"v1"}