{"_sessions":{"BQ81BV04SyhRtObA9qKNvBp9NioapPEFHI+48fOyLj59":{"registrationId":481417964,"currentRatchet":{"ephemeralKeyPair":{"pubKey":"BWISl1E6h6rn+jpXcxNmXcVbv2IrR3g7D9hWhZ+KYcgN","privKey":"cLGasbu49OHaZUzVgCQ6WP+HEgnWKcXTDu9lN5SHfUY="},"lastRemoteEphemeralKey":"BUVfV/0nzfG669eRjCR5Ig9KUnnV/3JTokDaxee6S9o/","previousCounter":0,"rootKey":"BsVpIxTlPBuQd+KpjBSd6hXYTLCSlUfAALY1ZFOdb+0="},"indexInfo":{"baseKey":"BQ81BV04SyhRtObA9qKNvBp9NioapPEFHI+48fOyLj59","baseKeyType":2,"closed":-1,"used":1753439833962,"created":1753439833962,"remoteIdentityKey":"Bf9izho2xLhBdnfEA2ApTrzNtxiJ9AofMeHgLQXj+oV0"},"_chains":{"BUVfV/0nzfG669eRjCR5Ig9KUnnV/3JTokDaxee6S9o/":{"chainKey":{"counter":3,"key":"FxSMfQqSeFjRWXvJKfMUP23ezaLSWD6/agVUz/3J6+U="},"chainType":2,"messageKeys":{"0":"MiG7b03mRbAL/ujPU+1ISUGrNuuPRBxlUI/Q61dgszg=","1":"A0qS12vSkn9b0yIU0ANXIqO9s+iUMLKjnZOPqf9Bw8Y="}},"BWISl1E6h6rn+jpXcxNmXcVbv2IrR3g7D9hWhZ+KYcgN":{"chainKey":{"counter":-1,"key":"hrcVkHvPfC76WdSmypbz5Q13pqGwgZTZ0MwdVhTMMck="},"chainType":1,"messageKeys":{}}}}},"version":"v1"}