{"_sessions":{"BVgVdG3mwZBM+4v+hfarMTkjwv1cv9/9q7T79oRyfJEL":{"registrationId":2142538529,"currentRatchet":{"ephemeralKeyPair":{"pubKey":"Ba468Ae0f+rQ6upcPMgkYFob+sj7JOZACh0Y8Q8jQWBM","privKey":"qH1ERLa3PezVtQCa8UT1uHMhpdmbANATBqr+Xi08GGw="},"lastRemoteEphemeralKey":"BUBZBekH4fk1GYFZF30PdCnjuL1PsIqEBR4giArYVmRx","previousCounter":0,"rootKey":"U0Pi2wgCjIPsy2WoIzxd7NHvSRAE/PRtkrkbq+EKcsw="},"indexInfo":{"baseKey":"BVgVdG3mwZBM+4v+hfarMTkjwv1cv9/9q7T79oRyfJEL","baseKeyType":2,"closed":-1,"used":1753439824655,"created":1753439824655,"remoteIdentityKey":"BQ32XIuKhQGwQk1SQkurhBuml+4aZWfw6UWVbZ2aPD4O"},"_chains":{"BUBZBekH4fk1GYFZF30PdCnjuL1PsIqEBR4giArYVmRx":{"chainKey":{"counter":2,"key":"/UNnjVRYYBWa75pTGUDa9H2yCq/pS6GBlTB+Af9muGw="},"chainType":2,"messageKeys":{}},"Ba468Ae0f+rQ6upcPMgkYFob+sj7JOZACh0Y8Q8jQWBM":{"chainKey":{"counter":-1,"key":"GGeknxll29CyYoVIDB4vymm4lqubuv6E0t3iicyaBVk="},"chainType":1,"messageKeys":{}}}}},"version":"v1"}