{"_sessions":{"BfJwwrypKeV5U4WvZ+rJSIZ26ysBgxb1DiI2QK/Flblc":{"registrationId":1239072680,"currentRatchet":{"ephemeralKeyPair":{"pubKey":"BXpAWQriE6MlIyMpQpXFBFV6klZ/oKdjADH5QDogqtsk","privKey":"YMIl9emppRKnPESzHNjvzItvoR3nLJm50YD1rdVSKnY="},"lastRemoteEphemeralKey":"BVQaQjltfP0kEvMfPThLlyru3k42v9ShzpB/po9DPZZU","previousCounter":0,"rootKey":"ixw+zk8a0Hxk21hT68RmD9Q8uhkRwyQaLVNoU3NjYgY="},"indexInfo":{"baseKey":"BfJwwrypKeV5U4WvZ+rJSIZ26ysBgxb1DiI2QK/Flblc","baseKeyType":2,"closed":-1,"used":1753518786360,"created":1753518786360,"remoteIdentityKey":"BVTtStDch5WXygTCXo+/L5g+i7pmoj9tx3zEFK7ZKpVP"},"_chains":{"BVQaQjltfP0kEvMfPThLlyru3k42v9ShzpB/po9DPZZU":{"chainKey":{"counter":0,"key":"Ymes3wl/RftxBm1K3T06ylvlbou2b3topjkoi+j73NU="},"chainType":2,"messageKeys":{}},"BXpAWQriE6MlIyMpQpXFBFV6klZ/oKdjADH5QDogqtsk":{"chainKey":{"counter":-1,"key":"Jwqne8yLNYGTFxr1xFhmwaLLLAkqM42zuGZyDnAjYkY="},"chainType":1,"messageKeys":{}}}}},"version":"v1"}