{"_sessions":{"BfTO/ZAlNfrOYi8mQBlyCIp/4B7X/rhe5FE4g3KwEKBS":{"registrationId":507207087,"currentRatchet":{"ephemeralKeyPair":{"pubKey":"BeLh5Ox0numXosDnSaS+oB0g/pgOW9B4QBslRm8pMTE/","privKey":"YAwxWLVVR7oGsz/ilVxwCZkMA4Rl7e9qd4B/+VOjvms="},"lastRemoteEphemeralKey":"BUy2wNY/bejcQLotRQx5ASTqR/gwONc7krJ7heFdLJ5+","previousCounter":0,"rootKey":"99jkUVTV/+oitfFJR2jhMLCotz0S5fzXh5O6oyodJ10="},"indexInfo":{"baseKey":"BfTO/ZAlNfrOYi8mQBlyCIp/4B7X/rhe5FE4g3KwEKBS","baseKeyType":2,"closed":-1,"used":1753439841799,"created":1753439841799,"remoteIdentityKey":"BXEMEsW8HnVdi3P7K1cHY+XNbRmztnmhRNQDUmPnYGRK"},"_chains":{"BUy2wNY/bejcQLotRQx5ASTqR/gwONc7krJ7heFdLJ5+":{"chainKey":{"counter":3,"key":"7jz0uXVAG0pvbfpwbBq45etcmb+OdC8iuM4QQ8iJNj0="},"chainType":2,"messageKeys":{}},"BeLh5Ox0numXosDnSaS+oB0g/pgOW9B4QBslRm8pMTE/":{"chainKey":{"counter":-1,"key":"NLK4Xvq10xQLOcKliFEqBEOqB4Z7g6h6yUzi6t9M2LA="},"chainType":1,"messageKeys":{}}}}},"version":"v1"}