{"_sessions":{"BZN+TiOPburBqcyUNKnH212L8ScyJPkacFckuQjN1J8d":{"registrationId":1078091866,"currentRatchet":{"ephemeralKeyPair":{"pubKey":"BfEC/DggaCwPPFtF6XSouHVkkYPJ7aTO/XnJGs+amh5e","privKey":"KDMfC+KuwAWPFndF11qMwWuPu2KrpWnpLL2CNf9V80g="},"lastRemoteEphemeralKey":"BbMGR122gdaM+N3h01gjgIRFWfGZMnvvo5kyI9kJseY7","previousCounter":0,"rootKey":"hm7jKR392Zv+wvzlauiXztSJJkxXBYVuMgVUK5RdYAQ="},"indexInfo":{"baseKey":"BZN+TiOPburBqcyUNKnH212L8ScyJPkacFckuQjN1J8d","baseKeyType":2,"closed":-1,"used":1753378048645,"created":1753378048645,"remoteIdentityKey":"BVikJRA8/GPqKjWKHP3YJIfI3nVqBGZa6t34UhRK3WN0"},"_chains":{"BbMGR122gdaM+N3h01gjgIRFWfGZMnvvo5kyI9kJseY7":{"chainKey":{"counter":0,"key":"NZSIOgAdqHr75mowFbCnI+n+4x2vHDmcV1RxrPIi+jE="},"chainType":2,"messageKeys":{}},"BfEC/DggaCwPPFtF6XSouHVkkYPJ7aTO/XnJGs+amh5e":{"chainKey":{"counter":-1,"key":"2WM7hrIMfhSp8+NsWPA/pKNcdXBcUKa1wzR2IslpNXs="},"chainType":1,"messageKeys":{}}}}},"version":"v1"}