{"_sessions":{"BczSGWZ8EPgwjv5sg3//ita+p2h+gcKSDbcFl5wqhsEF":{"registrationId":433561951,"currentRatchet":{"ephemeralKeyPair":{"pubKey":"BePPovSCggPdZc5H3uyYMTJG9vGmHf4KPXP9HBpGL6wq","privKey":"6CzDV4OdfT+gdvQvf8iMWhmRAyKKZCvJswtfPB4DMkU="},"lastRemoteEphemeralKey":"BWWPSwg8aWmJ1TngdR3Pw7JLcZKPSVXPEtFTjgYgBDVY","previousCounter":0,"rootKey":"HVijuDjYQkLE8gorCJFb86BOL3+9LdCf9qzsAwOxX50="},"indexInfo":{"baseKey":"BczSGWZ8EPgwjv5sg3//ita+p2h+gcKSDbcFl5wqhsEF","baseKeyType":2,"closed":-1,"used":1753377951703,"created":1753377951703,"remoteIdentityKey":"BUg2wQQ5c73J9eIDHjrAfZbvc1QGpxLS+WizavwUcxU9"},"_chains":{"BWWPSwg8aWmJ1TngdR3Pw7JLcZKPSVXPEtFTjgYgBDVY":{"chainKey":{"counter":1,"key":"Q5Zs6tDk8KgG/PYYJuS41XHOeicPKDnK2E33XWzUZng="},"chainType":2,"messageKeys":{}},"BePPovSCggPdZc5H3uyYMTJG9vGmHf4KPXP9HBpGL6wq":{"chainKey":{"counter":-1,"key":"TwCLGZ3doLPlsr69eZk8kFobgBF4GMgpDqhbAEBxjSQ="},"chainType":1,"messageKeys":{}}}}},"version":"v1"}