{"_sessions":{"BaLvnG+f6lWtwJLPrOrMQPbKXuRpQzU+/Euo25CLaBJu":{"registrationId":772517041,"currentRatchet":{"ephemeralKeyPair":{"pubKey":"BVjCX2+q8Az3Q6a07rNt19UXejgKGqNoYYc6uvBIPwk3","privKey":"qH1pYoqqtfiwmLbvTMRjuFkK94FUKwsFqmZyJKc4c3E="},"lastRemoteEphemeralKey":"BV2Okh+BwMhoVzP9QaRS5xHk+KiwYi3EaeuZGLmU+Os3","previousCounter":0,"rootKey":"RE3VIRcuepcnrnP1N85IMvoC5+/WBSuNg7UhwAYkgaY="},"indexInfo":{"baseKey":"BaLvnG+f6lWtwJLPrOrMQPbKXuRpQzU+/Euo25CLaBJu","baseKeyType":2,"closed":-1,"used":1753439849527,"created":1753439849527,"remoteIdentityKey":"BTgdAyzmh51w7WN431tsaIfq9njJwh1Uvq17MB2c1vtV"},"_chains":{"BV2Okh+BwMhoVzP9QaRS5xHk+KiwYi3EaeuZGLmU+Os3":{"chainKey":{"counter":1,"key":"fCGN/ZCl7NF7kR+FkJZzJNbjbFgzehT7NQyeHQ1u6Lo="},"chainType":2,"messageKeys":{}},"BVjCX2+q8Az3Q6a07rNt19UXejgKGqNoYYc6uvBIPwk3":{"chainKey":{"counter":-1,"key":"YBUsHzTA4VfuJtEyZ12NiGW2kBoumGXZyIAB7++TldY="},"chainType":1,"messageKeys":{}}}}},"version":"v1"}