{"_sessions":{"BbMej0XxCIRZMgOoo/n5Pan/YFmmQPbjoQGI75xtGU5P":{"registrationId":211108250,"currentRatchet":{"ephemeralKeyPair":{"pubKey":"BRJRaXjSil4ITgle2jQXmRf2sy9U1cddFKQdgzaR0eF4","privKey":"KFwahbMFi+K1mg3jNytfBVMiGUkIQs/nS/Hsbs44K1c="},"lastRemoteEphemeralKey":"BcNiwPHSTJZ0936GrTTMIgsH1Fvu2ZCy2dNX6mLo/yFf","previousCounter":0,"rootKey":"q7Tavc5LoaZEeXb+h8IbHjSyywoetZnc/YXkxGqPzEw="},"indexInfo":{"baseKey":"BbMej0XxCIRZMgOoo/n5Pan/YFmmQPbjoQGI75xtGU5P","baseKeyType":2,"closed":-1,"used":1753439826154,"created":1753439826154,"remoteIdentityKey":"BUVlKDGvR75HTEUK+XIRpwzztkZ3yrn75fpWZU71mpg5"},"_chains":{"BcNiwPHSTJZ0936GrTTMIgsH1Fvu2ZCy2dNX6mLo/yFf":{"chainKey":{"counter":10,"key":"pqYYDpHnwOBRVWQDcuHIageODa5MSqmFYzl+PdV3xHc="},"chainType":2,"messageKeys":{}},"BRJRaXjSil4ITgle2jQXmRf2sy9U1cddFKQdgzaR0eF4":{"chainKey":{"counter":-1,"key":"Rask2dkORRwrykpCDNljJohtXb0hlnW86OyvaVMmPko="},"chainType":1,"messageKeys":{}}}}},"version":"v1"}