{"_sessions":{"BbCnPU6yzoeSLq4rWAJNNAqQJEpDAwnSy6HDrRn6qTAS":{"registrationId":1416003085,"currentRatchet":{"ephemeralKeyPair":{"pubKey":"BdN/3QEVC3POaFBuHsFSM8MBMAi0sYQjps5uBxu5JwAY","privKey":"2KM8EzHyt7TgZFOVB8sAyKtvES3xph1LSUWSiz8L7X4="},"lastRemoteEphemeralKey":"BacJldckJNvy6dvc1GNXrTp1qw87dFyWiHdLW8qi9iJ0","previousCounter":0,"rootKey":"ONsg2DxnAMNNK7zBg1daYa8+M+F+uSv6+OUBkeRuXZs="},"indexInfo":{"baseKey":"BbCnPU6yzoeSLq4rWAJNNAqQJEpDAwnSy6HDrRn6qTAS","baseKeyType":2,"closed":-1,"used":1753439823002,"created":1753439823002,"remoteIdentityKey":"Beb61sunWn+lRegXOJXCnzlvVIen1j8IZwfsMF3uGiZd"},"_chains":{"BacJldckJNvy6dvc1GNXrTp1qw87dFyWiHdLW8qi9iJ0":{"chainKey":{"counter":5,"key":"Cc8PLNFmq+hBmnIJ4ZCh45evqoAngLYBuv5mE/63h2Y="},"chainType":2,"messageKeys":{"0":"KwT2yXvPFEueQZYSUroAHxgJ7y/7CfD/a2cD092XAog=","1":"e0g89EVwd6zl48FnD8XraN4zfTYAJ9ZpBJkxiZSgcIs=","2":"d+/hUqJFaT90v5Y3lR5+Qo0w86tz4l03U91gyjs38vM=","3":"WD2HASSNymywiYhDwzgg06DpazXRsiF0l2J9wFAgLOE="}},"BdN/3QEVC3POaFBuHsFSM8MBMAi0sYQjps5uBxu5JwAY":{"chainKey":{"counter":-1,"key":"1toEI3BidwMcCI2I6gmcpFDq9RYjnZ3zGg7+f8NWa64="},"chainType":1,"messageKeys":{}}}}},"version":"v1"}