{"_sessions":{"BRy6ldPvDJ+SidbK5+0xCvWxbtXXD/flVlS3zGxBidl3":{"registrationId":220979161,"currentRatchet":{"ephemeralKeyPair":{"pubKey":"Bemjz/EHDKVhcMx0+mJqYP/FpDKQVuBGjAGS5AUcUnZy","privKey":"OJgzwH5IqozUJUDQvtR9XxnNBMnlcny4KjsU1NPiSXw="},"lastRemoteEphemeralKey":"BTk1lvJg8Kpn7mhRPQI/tPEjWajZJT8Cm+YqYpSkIQko","previousCounter":0,"rootKey":"NCC6+ZJMVk07cXpCPjBxOlXOPOj/wAeNdbdYfT1YF7s="},"indexInfo":{"baseKey":"BRy6ldPvDJ+SidbK5+0xCvWxbtXXD/flVlS3zGxBidl3","baseKeyType":2,"closed":-1,"used":1753518852201,"created":1753518852201,"remoteIdentityKey":"BUJ7/P64ogLArY0b5NPqn29YEj6d/rQ3D9jgqk8qAf9/"},"_chains":{"BTk1lvJg8Kpn7mhRPQI/tPEjWajZJT8Cm+YqYpSkIQko":{"chainKey":{"counter":1,"key":"+RZJbiCduFN7Hd0ufBIPkJjQCName27Jz+NLR+Orfns="},"chainType":2,"messageKeys":{}},"Bemjz/EHDKVhcMx0+mJqYP/FpDKQVuBGjAGS5AUcUnZy":{"chainKey":{"counter":-1,"key":"O1KsTT2W3FAmO9XSKa4pZbL/yF9n3xZK+cjHCHgtga0="},"chainType":1,"messageKeys":{}}}}},"version":"v1"}