{"_sessions":{"BTpw9ikif98eaDmyWj4Mnbi2yn31zrxsU8Os/myMqOE6":{"registrationId":1371343797,"currentRatchet":{"ephemeralKeyPair":{"pubKey":"BROu+UD7MguVQ3Q5MZWOPsPhHYdlb/PcUi7HT0dNPww6","privKey":"yLOZoRVLGS2S8DcqjDuKF+lf5N6StmmCQIulGWCphG4="},"lastRemoteEphemeralKey":"Bdq82Az+WVlpbzzPi0+twhNPP4st5myTDlMr90jhqws8","previousCounter":0,"rootKey":"pdtGSd9aQ2ISqmD7EMgXtbWbeQVW/I2za1QOyWZuf5A="},"indexInfo":{"baseKey":"BTpw9ikif98eaDmyWj4Mnbi2yn31zrxsU8Os/myMqOE6","baseKeyType":2,"closed":-1,"used":1753439836456,"created":1753439836456,"remoteIdentityKey":"BRc7iQ6qCY31H7L/kXsvEk3U9aIFZEZTccl4AhVh5FVa"},"_chains":{"Bdq82Az+WVlpbzzPi0+twhNPP4st5myTDlMr90jhqws8":{"chainKey":{"counter":1,"key":"5gfLHwheSKesnfO7XgG10GLNLHrOTACEDu3qlO2XwsI="},"chainType":2,"messageKeys":{}},"BROu+UD7MguVQ3Q5MZWOPsPhHYdlb/PcUi7HT0dNPww6":{"chainKey":{"counter":-1,"key":"i5BxOKmsz9Aih3EHDgYTXo85q9L8mJ4v84k2oTiudz4="},"chainType":1,"messageKeys":{}}}}},"version":"v1"}