{"_sessions":{"BZLgw26kDAFPPzxmkrlRo1SGPGWSZN4fyXta6UUugxxF":{"registrationId":704752425,"currentRatchet":{"ephemeralKeyPair":{"pubKey":"BUei5ifowVDJHNWlo6b+aqkZ4iuoBk7wJoDeiPkX7wUm","privKey":"UGPnc3f1RdDl/g24HJZsyFMEg/9ZkjfvqnXWxRNlKmU="},"lastRemoteEphemeralKey":"BfN1vdB/8FLRubxqEA7n1FTrlFtlONGpyWhllQJLn/sj","previousCounter":0,"rootKey":"bOWZOurYftmhBAWgDUZ6GXgzJMHV7wC0rjo8j62fEkk="},"indexInfo":{"baseKey":"BZLgw26kDAFPPzxmkrlRo1SGPGWSZN4fyXta6UUugxxF","baseKeyType":2,"closed":-1,"used":1753439852445,"created":1753439852445,"remoteIdentityKey":"BXt98epRGnBBk1WjcKdIkDRDdRSnzvkYYtehboNP2pta"},"_chains":{"BfN1vdB/8FLRubxqEA7n1FTrlFtlONGpyWhllQJLn/sj":{"chainKey":{"counter":1,"key":"HVfOW1ntBaPcu/QvqUniqztlJGhr+1WVLkwTnDvsdTk="},"chainType":2,"messageKeys":{}},"BUei5ifowVDJHNWlo6b+aqkZ4iuoBk7wJoDeiPkX7wUm":{"chainKey":{"counter":-1,"key":"PPVEIy2wLSTUpFNhzSJtRqTtkZPEXnjLI/ILAqP6MQk="},"chainType":1,"messageKeys":{}}}}},"version":"v1"}