{"_sessions":{"BboIDO04JYvjoJMrrqYwbc+qWFZ2F/Ua5Loo/5WYgkk8":{"registrationId":1060155118,"currentRatchet":{"ephemeralKeyPair":{"pubKey":"BZioDSEEips1ki3y4pWIGX4OaaifrMH4leoV2dzUM/5p","privKey":"ALmdK4DbPNm8RaVUt7+EN2LI9HxXlenxEZ25aT/0SGA="},"lastRemoteEphemeralKey":"BblJxRtoVv8oQMHC1VIgoQpiubpF9S9WDyKWoCfwr7cl","previousCounter":0,"rootKey":"woxx98DYgtNgNACyi1ABEP7zM+r7qLsegHIIjHUTPmE="},"indexInfo":{"baseKey":"BboIDO04JYvjoJMrrqYwbc+qWFZ2F/Ua5Loo/5WYgkk8","baseKeyType":2,"closed":-1,"used":1753518863151,"created":1753518863151,"remoteIdentityKey":"BZKduPHyVQ3QGrgxuIKIdIxrrHEW3JZFBwqFK4mVTvov"},"_chains":{"BblJxRtoVv8oQMHC1VIgoQpiubpF9S9WDyKWoCfwr7cl":{"chainKey":{"counter":0,"key":"j28v6R/bBjSrMEUKV6tIv/Q+pMUsCy6z6npY5370nFI="},"chainType":2,"messageKeys":{}},"BZioDSEEips1ki3y4pWIGX4OaaifrMH4leoV2dzUM/5p":{"chainKey":{"counter":-1,"key":"yopIRIUIUbAraaZo87+D/wWMTGI588wpfDE7zq3WrcI="},"chainType":1,"messageKeys":{}}}}},"version":"v1"}