{"_sessions":{"BQUAxqvVcCWJnBfXVqh4EpNZyaxR8CEg1CrYu8cJ0+pU":{"registrationId":1334785702,"currentRatchet":{"ephemeralKeyPair":{"pubKey":"BaI0FPezYesZJmA3tBQDtsSZJqWyFyF5Uh2i05BxkosK","privKey":"sFW3/v2cOAmdnpmRfChU8vCRhEnRATg14fLbmUhbRHk="},"lastRemoteEphemeralKey":"BUQO3tDNiP/cNtL63XDPQQ8evkKCgI6A/iaB0IvbYeZI","previousCounter":0,"rootKey":"NRBrJi5cW9AqvwRnp8xTpUqFMTKMBsUghDr6vj/BoBg="},"indexInfo":{"baseKey":"BQUAxqvVcCWJnBfXVqh4EpNZyaxR8CEg1CrYu8cJ0+pU","baseKeyType":2,"closed":-1,"used":1753518856231,"created":1753518856231,"remoteIdentityKey":"BUqXBaJxLpUgSZwN7FQrK+5GPyKixwBkidsQVDox29wW"},"_chains":{"BUQO3tDNiP/cNtL63XDPQQ8evkKCgI6A/iaB0IvbYeZI":{"chainKey":{"counter":0,"key":"Syf8kA/By2GY/rNk5ejYH9oUI6jcx3F9qLX4iop8HPw="},"chainType":2,"messageKeys":{}},"BaI0FPezYesZJmA3tBQDtsSZJqWyFyF5Uh2i05BxkosK":{"chainKey":{"counter":-1,"key":"C4pjqT98qIb86kUeVVIu+ugy6WmNm98BnKyrwH6ykck="},"chainType":1,"messageKeys":{}}}}},"version":"v1"}