{"_sessions":{"BbibMTtFjoVgO4VoY4MpZ4e8zeMjZ45rF3LBvoI+EEUU":{"registrationId":987100762,"currentRatchet":{"ephemeralKeyPair":{"pubKey":"BRKFSFFb9h56KATIMCUfAnAjeiJiXh4f5pwTpfzmuhJX","privKey":"8KqyvyO22QAfU7830Locqs9vNlj2FMHVNwkUq2oEZF8="},"lastRemoteEphemeralKey":"BVbsPG9sYu64Zl9HtD3pFI0U+mP3iEeb3DzItg0vXRtz","previousCounter":0,"rootKey":"PnvsyYRDB2MV90wpGb3OsHC7f007bbn61dZeUpUWxK0="},"indexInfo":{"baseKey":"BbibMTtFjoVgO4VoY4MpZ4e8zeMjZ45rF3LBvoI+EEUU","baseKeyType":2,"closed":-1,"used":1753439819469,"created":1753439819469,"remoteIdentityKey":"BVNP5jM6XsR23j9/n9oR0XLSQyGDc69UkDVSNXYra0wx"},"_chains":{"BVbsPG9sYu64Zl9HtD3pFI0U+mP3iEeb3DzItg0vXRtz":{"chainKey":{"counter":13,"key":"gncqQM1iq4F7fcgETg5c1T3kNr9AyVyRHDi8YuI9VU0="},"chainType":2,"messageKeys":{"0":"Z4/6FjNZOTujKSo0SZtlmqbG8TuEsLLor8kRe9QRsF4=","1":"4/+6CD/B+wxnfXCypWWXqYfqc+0CrlV4LGetGQBzhRY=","2":"Qw6llZ4Lwp1KkiGC9hjo2PHxhtd/HXLgdu50gpJey4I=","3":"dsqEMch5DYXN9iQ4mYJ9W0KBia6MFUHPj9iNP9od5Og=","4":"wFxnubuR2TaiGDCCUK2+SNlBRNvJipUR/8t68XAaUGU=","5":"1HofpPpKHe+qP1WNdtlIQYiS7FR/ljwJwjUUCWJNmgg=","6":"FLN5RpahJbZlcsNlxbKUiw00/1AzHncU8OaN7jyCPE4="}},"BRKFSFFb9h56KATIMCUfAnAjeiJiXh4f5pwTpfzmuhJX":{"chainKey":{"counter":-1,"key":"JhvpaJIywAMU/g3/34LAfA64MRXlhJLIpwZTC/j+IR0="},"chainType":1,"messageKeys":{}}}}},"version":"v1"}