{"_sessions":{"BQdkGDREHy4WlUMz9Y3Wd2VucrW78M6SCXBB40XH6vxI":{"registrationId":706524055,"currentRatchet":{"ephemeralKeyPair":{"pubKey":"BUGif8JZE9xTwGR+W+JFJ9IZA62YOn5T7XgvGiGGcqsw","privKey":"+A7rByX3qsx/1MkLbbBPsd9IoP0RyR2jTHrPDIHGSW8="},"lastRemoteEphemeralKey":"Bfkxu4Sxa/PXOvpDVTzzvRP6dl07U3Ruv5OSAtxp8REJ","previousCounter":0,"rootKey":"SimydTVWt/kbQr8dbt+uH932XMLqNOXfflXvlpiHVLY="},"indexInfo":{"baseKey":"BQdkGDREHy4WlUMz9Y3Wd2VucrW78M6SCXBB40XH6vxI","baseKeyType":2,"closed":-1,"used":1753518799177,"created":1753518799177,"remoteIdentityKey":"Bcoxg404htlvktYpBBUr1a5PWrYkW8eF3fhhjegdWMcu"},"_chains":{"Bfkxu4Sxa/PXOvpDVTzzvRP6dl07U3Ruv5OSAtxp8REJ":{"chainKey":{"counter":2,"key":"Yho3zIiznrfO24/yK7xKdtxr7EbCGlpEveAziNukh4g="},"chainType":2,"messageKeys":{"0":"umjpmd1xX8oG89Kb4KnFZ0VrF3cf+X1iiG4sCozrqCA="}},"BUGif8JZE9xTwGR+W+JFJ9IZA62YOn5T7XgvGiGGcqsw":{"chainKey":{"counter":0,"key":"fj8eK0Om0hYea0fCjnpcqD7R4PfuPeFfhpR58D78IeI="},"chainType":1,"messageKeys":{}}}}},"version":"v1"}