{"_sessions":{"BQGMLqQNv7uQuJQWjdmLIPRRi0O57s8OcSSJfUUOhKJD":{"registrationId":1745143295,"currentRatchet":{"ephemeralKeyPair":{"pubKey":"BSDK5esq3VP9JMeLa6CvD5hVvFTTKBqjuA8U/arQ/D8w","privKey":"WPjg9dyxYToXjIn+aolMRmHcJP6Q7E7joyiNkgYTBWI="},"lastRemoteEphemeralKey":"BWybXpAj7m/MfOyFLcqY7dDRoiAY2DrWmR8dp8E+dIkr","previousCounter":0,"rootKey":"Pgmqygtgs6NRauy3DJmJXzS03krYmRRfTmv/WHejmic="},"indexInfo":{"baseKey":"BQGMLqQNv7uQuJQWjdmLIPRRi0O57s8OcSSJfUUOhKJD","baseKeyType":2,"closed":-1,"used":1753518825972,"created":1753518825972,"remoteIdentityKey":"BTB934g8Jrsgdu3fdYvDz93Sc5Xgcuof8kSKXQI+VmY7"},"_chains":{"BWybXpAj7m/MfOyFLcqY7dDRoiAY2DrWmR8dp8E+dIkr":{"chainKey":{"counter":3,"key":"IFLPYu2TY1adUFnc4N8H4qBgC02+mV8+69yA/yyM/lg="},"chainType":2,"messageKeys":{}},"BSDK5esq3VP9JMeLa6CvD5hVvFTTKBqjuA8U/arQ/D8w":{"chainKey":{"counter":-1,"key":"pM9Jn9C2UrNaPEWV3k+NJ1FVjTAIkbDa9E2Ag8O4ztQ="},"chainType":1,"messageKeys":{}}}}},"version":"v1"}