{"_sessions":{"BdJUwnO+htHHdaz8JTfPgcaIA5UfxmSAvY++GHVtuYwN":{"registrationId":111634315,"currentRatchet":{"ephemeralKeyPair":{"pubKey":"BUFWNEvRWi+Kofsv8jURkSJESr94G/l/pz7At+Cidn0V","privKey":"kN5aGmx3Q/Z9ET+/J5aQaSEqjwCcVtxiazbTNaUtGXw="},"lastRemoteEphemeralKey":"Bb7uQ1o3W+0HaKYzAfrJxQcEwsUg9ACNmFiBplw5sZEH","previousCounter":0,"rootKey":"K/pAxQK9DMnyQlN+cTnc0J3uh8ttXE2mPu83v5VzwYM="},"indexInfo":{"baseKey":"BdJUwnO+htHHdaz8JTfPgcaIA5UfxmSAvY++GHVtuYwN","baseKeyType":2,"closed":-1,"used":1753439852008,"created":1753439852008,"remoteIdentityKey":"BTsxPcg/sa5xrAz1VYW49IQeYM7qw4h0M/chRC82wSJK"},"_chains":{"Bb7uQ1o3W+0HaKYzAfrJxQcEwsUg9ACNmFiBplw5sZEH":{"chainKey":{"counter":1,"key":"Zcb8uDvUIx1stXq9LD1q8tFegxLudQb+AoJNjnGiYj0="},"chainType":2,"messageKeys":{}},"BUFWNEvRWi+Kofsv8jURkSJESr94G/l/pz7At+Cidn0V":{"chainKey":{"counter":-1,"key":"7nDBLKnRzpFpyMe2X7U2P55sxnKGpWHEpzX/nYSXiOg="},"chainType":1,"messageKeys":{}}}}},"version":"v1"}