{"_sessions":{"BWtT56vXIUHu+Oh7p3vdlIhjv7XMeIDInitn2Scij3ZM":{"registrationId":660195439,"currentRatchet":{"ephemeralKeyPair":{"pubKey":"BVe2Zuoqv+oGSGln7wbsS9cjSzJHbqed2Tf1d2ZHx3ZM","privKey":"yPFcFsZtXlAf9XGkVBtsze0VQUoubIC7+a0lVtmEs0c="},"lastRemoteEphemeralKey":"BYkhgYpf0TWOnuDhGL+vctfB5x9VyG9HN7pR7z+sNck/","previousCounter":0,"rootKey":"VKMLX1LxcaDPDHMVgavJhBOHBbOygT4pQI//9vZD3mg="},"indexInfo":{"baseKey":"BWtT56vXIUHu+Oh7p3vdlIhjv7XMeIDInitn2Scij3ZM","baseKeyType":2,"closed":-1,"used":1753445128583,"created":1753378030288,"remoteIdentityKey":"Bdtkcuc+hmqjtFELcibXrpPKBrq/8pB5FEFd0spJ3TYW"},"_chains":{"Be4QdJnglCD4MuZ89WziMfGbPJdAwp4wZUkV8nq4G/55":{"chainKey":{"counter":0},"chainType":2,"messageKeys":{}},"BT8AG0ET02EclD+gqQ1mn9Zt7pxjeUvXdqy/vN31cUwA":{"chainKey":{"counter":0},"chainType":2,"messageKeys":{}},"BcMXtPaad/TPpwBmlGYyr2F4YtxJ7mLz7Uw8AKVldSxA":{"chainKey":{"counter":0},"chainType":2,"messageKeys":{}},"BXc/yTU7U62kfDhUX/cbNIpYtRH7zJfa12l4l2AosGsl":{"chainKey":{"counter":0},"chainType":2,"messageKeys":{}},"BRYjF1m4/f7qr4LNXWHcfF/2b56InqMuZf9MaoyBNIAG":{"chainKey":{"counter":0},"chainType":2,"messageKeys":{}},"BesKrOvqzHi+jNtCndGP7yXsTvqVJUcvaK36DrYR7uQF":{"chainKey":{"counter":0},"chainType":2,"messageKeys":{}},"BYzzSMbBorPy6bHODHCfvR84Va1vbrsWAwFyxZOq/moM":{"chainKey":{"counter":0},"chainType":2,"messageKeys":{}},"BXCtarDboepHDVnFD72I0VJ/4mdkT5eznICRzEjtjcFV":{"chainKey":{"counter":0},"chainType":2,"messageKeys":{}},"BTDk0R9LVfwCqQ/vfPjXUffLRCayxyGe7+yNC5ybJ11C":{"chainKey":{"counter":0},"chainType":2,"messageKeys":{}},"BQy3uwNaCcxKpqfBe4EsKPdvmZfzC5dXu2/Zai4XKjho":{"chainKey":{"counter":0},"chainType":2,"messageKeys":{}},"BaSouHzEgQTfM7/YfSG3Xii7wkATrC2x2CG9JT2ytVAt":{"chainKey":{"counter":0},"chainType":2,"messageKeys":{}},"Bbmzdmgtk+/zOfu88A9FNaJbNnDVQTtZ+P5u/k6kujpG":{"chainKey":{"counter":0},"chainType":2,"messageKeys":{}},"BSL8T9L5z+GrMaTB4nakdg4NTTT1FICb0Sfo5SMJ8y0z":{"chainKey":{"counter":0},"chainType":2,"messageKeys":{}},"BfOeQQNNWCxpY/iAPLCbgSOovjqxug82tONUaaVlVLNZ":{"chainKey":{"counter":0},"chainType":2,"messageKeys":{}},"BcxGFbsOR3enQNr0neXn0dKv9LpgD3vnvqa6ZKw8yIAa":{"chainKey":{"counter":0},"chainType":2,"messageKeys":{}},"BRPLTF0TG14ehm6cGtfKN1jpOawOGuKdW8SF2tO2TWBZ":{"chainKey":{"counter":0},"chainType":2,"messageKeys":{}},"BalF/+MLw+bEJ3z24ZdVq3BLMl69z7QLZVuV3a3BaMU7":{"chainKey":{"counter":0},"chainType":2,"messageKeys":{}},"BUfjJ7ii7x2qE0ratzqWtdRHfHNwdRpzpoqMPCTtkPg/":{"chainKey":{"counter":0},"chainType":2,"messageKeys":{}},"BaHbS6sV4N8y5Li1lSOfaOgJVd05rOBVs2/QhZP6xy0c":{"chainKey":{"counter":0},"chainType":2,"messageKeys":{}},"BbTXnmjQz+54RfoH28d7kwqpzgglDaxO810Sih2dWOhq":{"chainKey":{"counter":0},"chainType":2,"messageKeys":{}},"BWQjyxTYPtLfpWNYOVcuDrJBiK5fH6bFFvjbM61pkkwA":{"chainKey":{"counter":0},"chainType":2,"messageKeys":{}},"BUlO5DmYeU9IcYgGmx3vfHN2Luj2SDrTegm3gAiWaM8u":{"chainKey":{"counter":0},"chainType":2,"messageKeys":{}},"BXb1AD//5dMOCJEhRusOWhITlkxiUorMv+G5dF9yPRZI":{"chainKey":{"counter":0},"chainType":2,"messageKeys":{}},"BXa0NyoUOgEF4293ZWAP/fXQlItoDXv6I7xwPsNIujEk":{"chainKey":{"counter":0},"chainType":2,"messageKeys":{}},"BZOabcteT8VlDlz1uG3KKFlMnyw1ZsAwCFCZArCN0+hb":{"chainKey":{"counter":0},"chainType":2,"messageKeys":{}},"BekX8qKfVcfoXuj7Tu3apgHp1mYykqJinnPVcUh+Tq4Z":{"chainKey":{"counter":0},"chainType":2,"messageKeys":{}},"BbpGYE5IGtoOTaCOc7DomAQztu4PnTSJO9/chzc7XH1b":{"chainKey":{"counter":0},"chainType":2,"messageKeys":{}},"BQ58oa4wwruhRhVtBzyjnhuIClYr7qr840xcQ8K6ZMAH":{"chainKey":{"counter":0},"chainType":2,"messageKeys":{}},"BZdgCKcadhypEwYjpxEO172+IEtMnNxpSA2RA/VXXKFg":{"chainKey":{"counter":0},"chainType":2,"messageKeys":{}},"BZ+xSYhc1MkupRoN/MjC9+stX3hSXtuTPSiQD/dCgg4a":{"chainKey":{"counter":0},"chainType":2,"messageKeys":{}},"BbpVICkTWgMD01sdo0wuefX/fNeVVx/kLGCRoR+rmOcU":{"chainKey":{"counter":0},"chainType":2,"messageKeys":{}},"Bb+z3J4yEa17N5LIJxNNZXLT5sR8/wogBvMuuyJITAZ4":{"chainKey":{"counter":0},"chainType":2,"messageKeys":{}},"BW1SolIreLnLk4jITM72eOkVZx68p6rmCVNvEj50g3BG":{"chainKey":{"counter":0},"chainType":2,"messageKeys":{}},"BbbedevuIuPPWusQdLWzsKpc6PDBZiyrI3V4DrSkL+E+":{"chainKey":{"counter":0},"chainType":2,"messageKeys":{}},"BXdNKda2jzmXsteYRpIVSLc4iRt9hREpCmD2G0E2bmwZ":{"chainKey":{"counter":0},"chainType":2,"messageKeys":{}},"BWjnABYQj7QN+ZFqLmMmibzjafMWNnNigPTPSQ3iiPIt":{"chainKey":{"counter":0},"chainType":2,"messageKeys":{}},"BY/TwsY5ljFXDWTnijS+EeAT5xU03ruPw9uS90GU/BsB":{"chainKey":{"counter":2},"chainType":2,"messageKeys":{}},"BQVq9qi5jLkyv07tD8uWSZ97wyAjf2IGA7iLPLePeWBF":{"chainKey":{"counter":0},"chainType":2,"messageKeys":{}},"BQ4m9J/MJj/Ha+XZqss17LbaubK89uesMFHciK64KxMb":{"chainKey":{"counter":0},"chainType":2,"messageKeys":{}},"BaCtgF8XhRZM3KDlwGp5zxyuxG092UXAmqKn9OBX5Gky":{"chainKey":{"counter":0},"chainType":2,"messageKeys":{}},"BRUntnmcMtbGO63hIRB9AtZ/V0ErQSQg5XfTkBaQlDBC":{"chainKey":{"counter":0},"chainType":2,"messageKeys":{}},"BbtvRk8QIv7rTU294Fr0qS1YrAEIYLh40V4S9+L3Wlx6":{"chainKey":{"counter":0},"chainType":2,"messageKeys":{}},"BUm/SooA6YUsuTXuWiSnXh7stsN/n+ddLZ0wfEZWUI8N":{"chainKey":{"counter":0},"chainType":2,"messageKeys":{}},"BS8bLP6Sh0/DMSLVq1unp1XFsisvW+L3MUEHv/Ufy2Mi":{"chainKey":{"counter":1},"chainType":2,"messageKeys":{}},"Be8DNFrQN+YhI2mB2MZsJvP1ngpXDlisTCNVUWm+CIV7":{"chainKey":{"counter":0},"chainType":2,"messageKeys":{}},"BcG/mwZCZSHTDGIbDjGAzasAK2E/LODEHrvgNTIn5DA0":{"chainKey":{"counter":0},"chainType":2,"messageKeys":{}},"BYkhgYpf0TWOnuDhGL+vctfB5x9VyG9HN7pR7z+sNck/":{"chainKey":{"counter":0,"key":"RMvpcntBVpATSMkBrdolthWb2c11U3/aF0mllASXZU4="},"chainType":2,"messageKeys":{}},"BVe2Zuoqv+oGSGln7wbsS9cjSzJHbqed2Tf1d2ZHx3ZM":{"chainKey":{"counter":0,"key":"VEK1t65kQj8lrJSwX4PLlEr2vXUGeBCZLVxUNDDyDm8="},"chainType":1,"messageKeys":{}}}}},"version":"v1"}