{"_sessions":{"BSmLhS6vGnsbqNuXQZl6FHyb+OzxpQSHuerAlPx7S4R+":{"registrationId":2071380865,"currentRatchet":{"ephemeralKeyPair":{"pubKey":"BSo02YlCRI/ChTnRGmmH6v0ZwLQMKJS1QA2hJpuS80Fj","privKey":"8NMWdst4ekWE6rZA41lhF03BdfX07j9LD8QjsvyYhnU="},"lastRemoteEphemeralKey":"BVew+T3uHPV7rS1zYHZY5s1cFi0PIdNiaetjjAeCe5gg","previousCounter":0,"rootKey":"ksZBiZBCDHYGFpPPA+vpKhzwhd7fk850wm2Eu/wpQk8="},"indexInfo":{"baseKey":"BSmLhS6vGnsbqNuXQZl6FHyb+OzxpQSHuerAlPx7S4R+","baseKeyType":2,"closed":-1,"used":1753439894087,"created":1753439894087,"remoteIdentityKey":"BcXBWGl8ahP/OdKX8imS7bkKcOodvb7I1Ab1V2Z7dWIO"},"_chains":{"BVew+T3uHPV7rS1zYHZY5s1cFi0PIdNiaetjjAeCe5gg":{"chainKey":{"counter":0,"key":"hCZCVRGcdxuEsSS54CFePpakZBxkOL2LTo1bWcYJdLQ="},"chainType":2,"messageKeys":{}},"BSo02YlCRI/ChTnRGmmH6v0ZwLQMKJS1QA2hJpuS80Fj":{"chainKey":{"counter":-1,"key":"kRqm6UHX59kQjPC2+hMIFDumEGzeK3JNrefieuOTfOQ="},"chainType":1,"messageKeys":{}}}}},"version":"v1"}