{"_sessions":{"BRPR6N0ITDhjA2KL5YUdKN+o+QpArL2JZ2zNhNyLk3pi":{"registrationId":1833247813,"currentRatchet":{"ephemeralKeyPair":{"pubKey":"BYMMG22DYZfQPqII3j0plIGGbvDa7biRYoyOAUhkKSAo","privKey":"mJ9sYxs3R7jT6Z05BQ0+ymQsuQ8OKORi1OfHiqOeEEw="},"lastRemoteEphemeralKey":"BYsS39c3aSo07VBMXGvorSoe7PCjHmprIQB79vToAfws","previousCounter":0,"rootKey":"FuWr7u1y3AyHB27sLYERFsbi8MKb5KNjuUtXQylHLzg="},"indexInfo":{"baseKey":"BRPR6N0ITDhjA2KL5YUdKN+o+QpArL2JZ2zNhNyLk3pi","baseKeyType":2,"closed":-1,"used":1753518851328,"created":1753518851328,"remoteIdentityKey":"BbBSxvVI+Hynd79Ws9wJ3VSnuvPbMAORJPNRKa/HD7E+"},"_chains":{"BYsS39c3aSo07VBMXGvorSoe7PCjHmprIQB79vToAfws":{"chainKey":{"counter":2,"key":"QQToI07Sc092cQTP9bqzd+JjVCVrPRKN1ObTjlslf1U="},"chainType":2,"messageKeys":{}},"BYMMG22DYZfQPqII3j0plIGGbvDa7biRYoyOAUhkKSAo":{"chainKey":{"counter":-1,"key":"IMAVBTc39YLzrsUktcBOFDMfUMglepg6EjTUMjOjEd8="},"chainType":1,"messageKeys":{}}}}},"version":"v1"}