{"_sessions":{"BRxbufKO66x1ZasUofPIF/PBYytXv5QY9BxTObAWk30y":{"registrationId":2077381473,"currentRatchet":{"ephemeralKeyPair":{"pubKey":"BTE4C0f55tZtOQjHFAMV6bxYFZOxeIvrPXJVD/x9ryph","privKey":"AJAmiuwn/nR8VkhUFFmhijnUgwCCHf/bqo3bvoqqoFM="},"lastRemoteEphemeralKey":"BT7Eb54F2LpI9zgE07lSCfwADEF4lfLH3CbBS3326Goi","previousCounter":0,"rootKey":"/r/uXhCtq+zvh4rG2Nwan4urlg26I/Q6RL/XPu/fliQ="},"indexInfo":{"baseKey":"BRxbufKO66x1ZasUofPIF/PBYytXv5QY9BxTObAWk30y","baseKeyType":2,"closed":-1,"used":1753376966724,"created":1753376966724,"remoteIdentityKey":"BZSuwHIlzu1JNUsSL6zO4PyGzPXaasV6qqeukNmnZPln"},"_chains":{"BT7Eb54F2LpI9zgE07lSCfwADEF4lfLH3CbBS3326Goi":{"chainKey":{"counter":0,"key":"Rh6fMUwI8kTSahU5243Awf55zjd57IhmdOfmAy/Zy9M="},"chainType":2,"messageKeys":{}},"BTE4C0f55tZtOQjHFAMV6bxYFZOxeIvrPXJVD/x9ryph":{"chainKey":{"counter":-1,"key":"IJ7fKDS1ZrlA+cZnBlkVZxBCI4+/r33CwVqs0ZD0B9E="},"chainType":1,"messageKeys":{}}}}},"version":"v1"}