{"_sessions":{"BXPuz/SwxMHIPfCNJzDKBIEd97/5Wldsv74cioxXkLYv":{"registrationId":208004555,"currentRatchet":{"ephemeralKeyPair":{"pubKey":"BZwVra36QH137d7y80G8nX/5xAiKGgnwOYF71p/2R+V0","privKey":"aORQq+S4UmT8IsxKd4rpI5eNmmoqwOlmLZ5Qgcrtn28="},"lastRemoteEphemeralKey":"BWJ6y7T8QjZ+4Rn/dI8KV69pmorZfxPoGYpQhU5gDX8A","previousCounter":0,"rootKey":"aYxvOeCK3EToCwZi5IP18PbaQk7VLQMFVdcOV3OPX4s="},"indexInfo":{"baseKey":"BXPuz/SwxMHIPfCNJzDKBIEd97/5Wldsv74cioxXkLYv","baseKeyType":2,"closed":-1,"used":1753439860846,"created":1753439860846,"remoteIdentityKey":"Bal44ucympF0zMLb1d14qo91MdwOIkrU2hH98R9WZfQt"},"_chains":{"BWJ6y7T8QjZ+4Rn/dI8KV69pmorZfxPoGYpQhU5gDX8A":{"chainKey":{"counter":339,"key":"WCcQ1mBaaoXWqRe6/5rID9tIJdBp2Q0WaQf0vIX+usc="},"chainType":2,"messageKeys":{"3":"7PI78fk2ez8g0j9lDaJL2FsbYrUZZ9nbl7KC3WQ8lp4=","16":"JIc1xs2v+/vMgW2vCBdeaiS1JWSROX+5AuKomn6a2rA=","25":"0muqzDK+ZJzMtuvEo7DL0DwYV/RH8eVGx9zUMhy+vaA=","35":"cloGnbXx40X2STOJPZAeVhtc0xgXM5X85Ad7DYANF9A=","43":"gLVUXKuTpte2LyYNa707pWS/RRaRidzeep0B74yqE/s=","46":"tTPADRRs0kuoVbddRmTGtcz/FJyidFZiAF5YfkOR9NU=","49":"2ease8XmXo4FCEVxOw+3j1ayuuyN2mxZ65CeVGyq2P8=","56":"ExwtXXqm3ksu+4AfScNyFo4PxEl0uuCETzlE7us6GXY=","57":"EMutXAZM3jp+4jKLOgu5TkKG1OmR7FlmkxfKajo1Pik=","58":"IYbOLMhoWrHXvOYPKx3cT2DsJF/XKeBGyZNQW5IWwBA=","81":"YNMNYVPPsBuIli7Aa1KaTijWUiz7lyvyV+yuZIUukZw=","87":"PzRbFiz+dMkrDk1fo4GnJACG0m4T6fqdQ5HJIOVe2zQ=","96":"QAGFL0ANNc7ZVzEMIt4z8uAG1twhdrq6hR61AhWYniU=","117":"CSgUSu85CQKH4BcCxZ4J+0QDyAdiEf+gzfzdNjnBs7M=","119":"AbY0QcUnXyn2nfyoq7blgZzj9QcZ1qZitTi4K37a3NA=","132":"sQsp4TBoWgg+t5R0Wz+a2+DEKPYtwnWf8KD6e3Dq8dA=","136":"LzJ12cQCMNgcdhS7xyj6oW4NO/S95lQw6dDcnS/xZlE=","140":"fQPFCdjPdnZ3W1QCCwVaoyL5CsTZf3Gwad4Rujjy6rI=","141":"QMpVyCannWKHMi0vdMj4l+KpuiR4JVn467q55zdQWFU=","142":"/oW6PMH3btZx9oODa0jz0QBXqECPiRhWNKiHeajSq7g=","143":"0I1IEtyvakhKAH/SPTyvOpge8OzQknrk01cjA8AM/xU=","145":"T1TtS37cI8J1JKY95+0ZHSv1L1GgvGWcftYmDbyJStY=","147":"ucREcGnggkG28n68J5LV9Bu5JTfUQc0MVIuVUtUpGh0=","160":"UN/JsH6ZUgfcnD8vOfWO9sRAD9KQXEb0EjTIP8w+QwY=","163":"Es+AnCizML/VfbWw/KP0+ZEdAkF7I3NAdT2pIBUajb4=","164":"UygRs/1CsbDQmNgBAa8KxR8NPj53x6j1D6QKYdhQWx8=","166":"txB6kWGiyVxLRtbUtBG5vIfy6gp+yM/kqZuE1hzXL6Y=","167":"TekeucLW/5UpS+1hnZTgbNaAnpWdLjU1M7EOk0qzve0=","180":"6ogbfZZVXpaYVvG8oKVhMxTSoXjGj3n8RKzgMAGQsIU=","182":"W9/23TKrwW4wiCIoEKtJnL1LMV6PX0s2MyOqgRBO61w=","188":"x2CHxto4An9BJoo6SHnQ3bvimhQexC6wYwIcydVHOn4=","197":"QIbscoPU/37e73Q6uo7O1a2XL1SfPEhFvnWDz1hNyOQ=","198":"Or9NKYehSb2XFz1FtFDwTwQ8ATgqGLnwKcUuAQcEQmI=","199":"rLVsWZR6oDL4qF7yb+BjnbnTgN0lKZ3IPVD34fyCeoA=","200":"N9sBgwz7RYF2Ld7Z02PKhovFR2R+nBBFoaCt2H5jxTg=","201":"lKHv6CavlW/KCTJjMIook1q0Q1Z2ammNvaz5VnKrCwQ=","217":"w3YoUb6ZywG7w8Xg4AL1TPRA6gtyK36/cjs4LMJQpSU=","220":"TMMa1+rXmPVNpVbo2NzbZ3CkHwDB+E+v07byU4uybJs=","221":"fwTapJpPLys4wGiAARVKA+WGhwVYvwbrYtaC/C6jyrg=","231":"UZPQQay30U7haYkxZ4mzjc8mPN4gkbDSvtTCkcjb6Mw=","235":"gX5ttmFHpSv4Ny7xij6+2pFcUsc0S7wV9VEaY5OyAXU=","237":"BDVG55y6Ul8+kmwL9PUhQJhVmZ/5eZM6onKaocZldh4=","238":"Kxg9IjmLro9h9vD7J3lgNNe+ZeIo1Tl1C7k+bUPPiVQ=","239":"4Ze4OMknDQ4qAXQeSL7rQXCZSbvzYvBWRMy3YME4OqM=","247":"FS83asJyqQKa1tXEe5uSPGUx0YCJy1oa+6mBjGE9LwM=","249":"k2P2xZ1CYl+mkACyTC7jsGTYdYjcG2uypnz9a2O5BMU=","250":"V3x7jzNd/RTow67E4Bu7KaTGIaNYMc+g4S4C9dd9Pp8=","251":"ULwKzLHTPsvABlPjmRKQtwZ5LvjwbozvuKz+8vRfYTA=","252":"dukhEam4XhoHVC6XZQ7imUfLuQGYHxlynx78PZt5ps0=","253":"Bbkqugou3tDfIsWn4Co5wB7NQG3hGOssZeSpaakxNno=","254":"08EaDfE4lPu8nTzqJgqOnW2CaOpe9m8Q6KDK/tJN3IE=","255":"m030KbsDFQu2gCZJQivN/+G5juWqRvdqOxN+F4Cvnzc=","256":"LFGPqMyDSvV2G2lVO66Oqh5LWfJyJXQtnm0b+05W8DI=","258":"Lgus4awltLB6LxyGBBv7yVEBkeFqSNoSJ/DRV1LyYVM=","270":"hwmkWL+yCA2bxsbZ1cOrVeY8ZmqtIJgt8kQK5caDWwM=","271":"GDHF61g3eeQvTKIMIC7Z3FmenIkvw6y5rpSE7tsZxi8=","274":"q3bOcVqbsIj1h8PAFzCtJNAHzHJ/MYmDBHIBmVsdOhI=","275":"BDKs+4cy5NRd4jo0PQDgonUyehA0DRh9Yn1MjHB1vn8=","278":"ghURLxtUj/WyVDlkKvXad35u+QtiLWe5h/7gWsYdzFU=","297":"x2yeXKelAiJ/CoWHguVNGaxjRm/Fqbe6DCTo4wV1tDs=","302":"Fu0/WTMa2QAnHCNI9TXXPGEjryZHWqD1NdaPcuGa4cQ=","309":"mRNOtofVviK3fg1iFEHBJuduzvHtbiH5UXMIA2fbxpE=","330":"i1i3SfmNLsX7o/7/ygOG4yf2AzPnG8HAJDVsgmVZj1w=","334":"Ofddq21XAS09l2hBbDxTv9zw2dAqocj57+0Ngs0HGUk=","335":"BoqvoY7LdtTlAvvclaJMqTrPgK/viepEZh68/xzMjVg="}},"BZwVra36QH137d7y80G8nX/5xAiKGgnwOYF71p/2R+V0":{"chainKey":{"counter":-1,"key":"5vsC17oXpao394up7pQVm1fLE4rD/H0DV2ehkHnBh08="},"chainType":1,"messageKeys":{}}}}},"version":"v1"}