{"_sessions":{"BQMSsUJWXzI6HUUwYBHY/5NtztWqqgBzqOBTWA14HFVe":{"registrationId":35433183,"currentRatchet":{"ephemeralKeyPair":{"pubKey":"BVFLJG1Wl3eycUagB5EaWo4+2SylUIIwGqH/PNWKI6xl","privKey":"QG9p8pYtPG1utdouOg2bDAwm7UK+SGKtCBYRVIYcZEU="},"lastRemoteEphemeralKey":"BU2kx7aGjDEprrE4Oe3FdDiztqrmkUh1nq+i1um4NToJ","previousCounter":0,"rootKey":"ND2Uhyh5neismJq9T4Ju9fUaCdOzFI69c2p/Kqswa/E="},"indexInfo":{"baseKey":"BQMSsUJWXzI6HUUwYBHY/5NtztWqqgBzqOBTWA14HFVe","baseKeyType":2,"closed":-1,"used":1753439833073,"created":1753439833073,"remoteIdentityKey":"BQ3agJ3qhCGjiRq7LMVVzPH7YW4JUjKaZetuYuC1U0lB"},"_chains":{"BU2kx7aGjDEprrE4Oe3FdDiztqrmkUh1nq+i1um4NToJ":{"chainKey":{"counter":1,"key":"lfmI6FvgKp/Nmmre8aUVhe8sYFAmgyTK0atXSjrehJM="},"chainType":2,"messageKeys":{}},"BVFLJG1Wl3eycUagB5EaWo4+2SylUIIwGqH/PNWKI6xl":{"chainKey":{"counter":-1,"key":"DFRNGrfdK8+vKqWt82+bwvVVU6HvUrCUAKdwGkVNqd8="},"chainType":1,"messageKeys":{}}}}},"version":"v1"}