{"_sessions":{"BRJhqJnD3KnM1C5veSD0Ki01Zyrm9yFb1MduXW6V6mEK":{"registrationId":1496836330,"currentRatchet":{"ephemeralKeyPair":{"pubKey":"Be69GqHccR2BCAhrj2FWHlfsmI5fIa3DudUEWaLwnu8t","privKey":"mIbwn8E5arDQUG3rhSnpt+/FuFaRmTfhhsbQNMlFHEA="},"lastRemoteEphemeralKey":"BW6ypsII5sN3Pxgt9KwdnJLac9Qgq7O0gQnh8WFoLqFI","previousCounter":0,"rootKey":"TZUWB6HLZWaA9NsoVN4yiRwIpzWT4rDT6FWRjb2EcPg="},"indexInfo":{"baseKey":"BRJhqJnD3KnM1C5veSD0Ki01Zyrm9yFb1MduXW6V6mEK","baseKeyType":2,"closed":-1,"used":1753439879269,"created":1753439879269,"remoteIdentityKey":"Bf5X+IHrp+gR9VB3HnPs/AlNW8iDMuVFAALsSirxRMEK"},"_chains":{"BW6ypsII5sN3Pxgt9KwdnJLac9Qgq7O0gQnh8WFoLqFI":{"chainKey":{"counter":1,"key":"W35Kt+2L3yEsda7VSTpc7RxDyOn6IHplgQHLPSHVo60="},"chainType":2,"messageKeys":{}},"Be69GqHccR2BCAhrj2FWHlfsmI5fIa3DudUEWaLwnu8t":{"chainKey":{"counter":-1,"key":"ZPMOxxRVwn90asnViWo468UyOji3j9ilOe/SvaYIyLQ="},"chainType":1,"messageKeys":{}}}}},"version":"v1"}