{"_sessions":{"BdP3oeUhnntem+eeGUaq36dKrODwGBnh2x6R+2pqXUda":{"registrationId":509641603,"currentRatchet":{"ephemeralKeyPair":{"pubKey":"BVnTBv819a+QLPjU0KV3Ti6jW7hRePvJ4xfPrOpR8PZ+","privKey":"mI8wTIKTiRk127m2eEKgIwYxDE3BBrFqh+Jz/p++DFg="},"lastRemoteEphemeralKey":"BWbHhU60j8pHcSX8rGH/yA5FE5L69TqybJEMdsOeBnx1","previousCounter":0,"rootKey":"azJAVHiCgTJETmC+pVdUSWeDyr37bO2+G86ZWgWACBk="},"indexInfo":{"baseKey":"BdP3oeUhnntem+eeGUaq36dKrODwGBnh2x6R+2pqXUda","baseKeyType":2,"closed":-1,"used":1753439818707,"created":1753439818707,"remoteIdentityKey":"BXB1uAwt9tulEZLs818UX0cJvZzT2ljJRVRNLwg4KVVA"},"_chains":{"BWbHhU60j8pHcSX8rGH/yA5FE5L69TqybJEMdsOeBnx1":{"chainKey":{"counter":13,"key":"AuA3pe+kD267qr4V1BknA2sPjo4dkaBMhLKJz9kXYu4="},"chainType":2,"messageKeys":{"0":"UxlBPeSupZgnJV8g3Ru99jdrxob9NLId+0eSi7/OmII=","1":"t6CpuNPOb3JfXRXHQHg+lP6LCbnKFI2WvsTtLMNLYBs=","2":"fDIpNmtVHYxFGhao5z7sSERRoEMZ7/uKkt8vNhhvFhI=","3":"nPr8CTAyhhSBZ2BRrKTtAgytJhXRRUKo53UONcYU8Zk=","4":"JJHeKW9O8G+yS50Z8/bfPHKjqHz7qU4gHOMLnyhJkXw=","5":"ATozeaAOeBJBVuEjgfxFL4oB5qCIlR/CjXg+cV7AnOI=","6":"CqU5ugXi8ifDJX6qRRt98J33n0aM6eV2swtYlQAPziw="}},"BVnTBv819a+QLPjU0KV3Ti6jW7hRePvJ4xfPrOpR8PZ+":{"chainKey":{"counter":-1,"key":"kt7si9CR9PeyzhKeNXFkzDJH3DTLWkoKEPTR/TxGeWg="},"chainType":1,"messageKeys":{}}}}},"version":"v1"}