{"_sessions":{"BZG9TtcOk4mIXc75ReU6Ru5O0lfHDc7RkNU6z+r4AC5a":{"registrationId":163085457,"currentRatchet":{"ephemeralKeyPair":{"pubKey":"BYMSGzIrJ2RgBUVchnfl9qzGXulN49tWMTaVl4kFDgwh","privKey":"ADevYX9VIa87DueB06obeMgYyhqa8HbYVMw1gHiFVmg="},"lastRemoteEphemeralKey":"Bdof52qdQJYJWJ4wVChGmcX4YX68vi8HZyuMvAenBVIP","previousCounter":0,"rootKey":"Ibigb0SZaj2e2EUsCIBrBJD1ttHchmA1ZAef5N8kAs0="},"indexInfo":{"baseKey":"BZG9TtcOk4mIXc75ReU6Ru5O0lfHDc7RkNU6z+r4AC5a","baseKeyType":2,"closed":-1,"used":1753439826502,"created":1753439826502,"remoteIdentityKey":"BRXdvm4q4rF8+4weON9V/VBQA1Ely2uYpwWwmRaND+9o"},"_chains":{"Bdof52qdQJYJWJ4wVChGmcX4YX68vi8HZyuMvAenBVIP":{"chainKey":{"counter":6,"key":"uJv6bhmPRrKTxanMbuTfoOWSjFSye2HUUIpI8OCKYec="},"chainType":2,"messageKeys":{}},"BYMSGzIrJ2RgBUVchnfl9qzGXulN49tWMTaVl4kFDgwh":{"chainKey":{"counter":-1,"key":"GXRW90R+aIHBAoSzlCCpvVUJmiM9WJP93waR3ywyJEA="},"chainType":1,"messageKeys":{}}}}},"version":"v1"}