{"_sessions":{"Bf+Ke0si5LwZkk9uDayfNW9qTLlNY0DSgUKzkC6aP6JB":{"registrationId":1039844283,"currentRatchet":{"ephemeralKeyPair":{"pubKey":"BS+q/loVJa3CR/Pab5h1eVnhY5ULZd9peMriSEi+SZRS","privKey":"yATk/DJoAA/rU6v717Jt+NJemTGdXCKqmd8g10CKrUQ="},"lastRemoteEphemeralKey":"BQmivlPUh6yKFiNs7whvDYrmjMBX5VnuhVjr3wSz1A8x","previousCounter":0,"rootKey":"KXCFYvcKoiliRncxPKZPjhktc/UjMXyxXQA+SJ/j1Zw="},"indexInfo":{"baseKey":"Bf+Ke0si5LwZkk9uDayfNW9qTLlNY0DSgUKzkC6aP6JB","baseKeyType":2,"closed":-1,"used":1753518786728,"created":1753518786728,"remoteIdentityKey":"Bc8koTC8jmkt/KnRAdQcw1ukSjRXpwJU1UcKgiSNGn5M"},"_chains":{"BQmivlPUh6yKFiNs7whvDYrmjMBX5VnuhVjr3wSz1A8x":{"chainKey":{"counter":2,"key":"dLJHbKiRlDFVLM4INDdeg3RRr9edMQ0dQRRe28BWBNg="},"chainType":2,"messageKeys":{}},"BS+q/loVJa3CR/Pab5h1eVnhY5ULZd9peMriSEi+SZRS":{"chainKey":{"counter":-1,"key":"owOaz1ksrp+Y8yf62gOZFIspzuEQLhfY0ztEwwavG4Q="},"chainType":1,"messageKeys":{}}}}},"version":"v1"}