{"_sessions":{"BaqqufZhOKBCDZhBrLn7lGEiNWZZt8NIfufWba8F9jEt":{"registrationId":1991188504,"currentRatchet":{"ephemeralKeyPair":{"pubKey":"BajMoakmPaKxMdRo4fiDZUG8uwVWD54W1CF9gl8LxOQX","privKey":"sBz5Z2UXfJqZ10NTEw5nXHYbjpiCVeD9TL8RMVgmQmc="},"lastRemoteEphemeralKey":"BV/yA2y2J1SCNRQlZOpTNrs6W4uUAeplJNTg23LGu6VY","previousCounter":0,"rootKey":"NjSqnLmPUpHk7WklfPztOhn/Y47+kL9rgtKVzLYSOeU="},"indexInfo":{"baseKey":"BaqqufZhOKBCDZhBrLn7lGEiNWZZt8NIfufWba8F9jEt","baseKeyType":2,"closed":-1,"used":1753439820431,"created":1753439820431,"remoteIdentityKey":"BfTKbdkwAobE2z4FwMlV4EK5gK5jLSTA9mXoMuJcdXlj"},"_chains":{"BV/yA2y2J1SCNRQlZOpTNrs6W4uUAeplJNTg23LGu6VY":{"chainKey":{"counter":4,"key":"CBA1j+h8zePffiqXBy8SP2PBeVQTizsE2q+SgvWV1PQ="},"chainType":2,"messageKeys":{}},"BajMoakmPaKxMdRo4fiDZUG8uwVWD54W1CF9gl8LxOQX":{"chainKey":{"counter":-1,"key":"h62pf+Hq0zH/kJqKGsZykuv6o4LWDgmpxY+xIjboFaM="},"chainType":1,"messageKeys":{}}}}},"version":"v1"}