{"_sessions":{"BQa3ek0gKvn9qNy7v/kaZxXJ+SVCJIEIilmTdciNNOUt":{"registrationId":836868457,"currentRatchet":{"ephemeralKeyPair":{"pubKey":"BeqKZWaDwB+yZMy9vrtzy3r0OOibNuz/QWGcHHCSyu0e","privKey":"aFj45OERf/4t8IDURjzphkmxgwkePNmQ/F/M/B8zAFw="},"lastRemoteEphemeralKey":"BVdXymlNq2fVAmFMpJfkrfv7ZuNOix51Sv0yB5tLkMBi","previousCounter":0,"rootKey":"x7mlY3Q90aKBGj92iiN6+CSKR/fh/0AkKOZxiwNiuNo="},"indexInfo":{"baseKey":"BQa3ek0gKvn9qNy7v/kaZxXJ+SVCJIEIilmTdciNNOUt","baseKeyType":2,"closed":-1,"used":1753439815512,"created":1753439815512,"remoteIdentityKey":"BRVka5pAyuAd98tO79QngpkhA6oDpx3CcDi6PVrxcyVk"},"_chains":{"BVdXymlNq2fVAmFMpJfkrfv7ZuNOix51Sv0yB5tLkMBi":{"chainKey":{"counter":20,"key":"Rl0oMwqbHK/I8+dHedPA9I+mvGJ4b/rpjzcOlHymd6k="},"chainType":2,"messageKeys":{"7":"EGDceSnWzeAoFXi4ordua4mVSEZR/LglcNO6LOrCRXA=","8":"xrLZ0l15arjAxtnC7qQlM1elUR4bS4MlQAlP6zB3/c0=","9":"QuecfDXd2I5FsVGfP82F6IAXQwIlFawqhE+3XAJlvFI=","10":"862k6rXWysPSJQi2JZsTOmTb6Fjx60c8Ex3xuouT7Eo=","11":"3s65Lbla9dIRYouliw4oPkV2jCwcox775obI3gwGiGk=","12":"PeMzDSN2qkjexqjCrGHFkRMNsNKxlJaihgU/xxurjsY=","13":"PN/tYwniP+NgMuTQ3nn76NUSekUEYwiAXTCC2w9PIII=","14":"bLVoFDO55MhjR6KlSQyP+CniyXMybZqU4xTyj3KU3Ak=","17":"EvIEjXCplaMRGghfku/fpXzpt61Hx/74L7v4mcX4VOg=","18":"4SijJSb+5SLwA2uKcbjov0kx4jma2IygzvjZOshIJqs="}},"BeqKZWaDwB+yZMy9vrtzy3r0OOibNuz/QWGcHHCSyu0e":{"chainKey":{"counter":-1,"key":"93zNIF5p7aLjJXQZj5MixyxNhzYbfoHKWA8ZGcDuY94="},"chainType":1,"messageKeys":{}}}}},"version":"v1"}