{"_sessions":{"BXQ3I1eH78G1651WG9TEly0ufJYK7uvUf9pj8kdul7sl":{"registrationId":79751780,"currentRatchet":{"ephemeralKeyPair":{"pubKey":"BebQajqGMPkdcLonHLbeFtJNBv+1XFS9Al0+Rw/IBIUQ","privKey":"8OgVraWladAySk4H9yFIlq0Nwfl2XScQdaN+xdL6jFs="},"lastRemoteEphemeralKey":"BRteRnkgD6UXfRC0pSlTQk4uFyShOlVBkM571BfbXnst","previousCounter":0,"rootKey":"ZHhLyNoX88hh/QHP/PwnTjVgdnOcqwpv0KeCIT+s4pE="},"indexInfo":{"baseKey":"BXQ3I1eH78G1651WG9TEly0ufJYK7uvUf9pj8kdul7sl","baseKeyType":2,"closed":-1,"used":1753518863310,"created":1753518863310,"remoteIdentityKey":"BVWqv5FB2KxjVYLGJWoALm9aPksrE2I+3WImq2MSsWsr"},"_chains":{"BRteRnkgD6UXfRC0pSlTQk4uFyShOlVBkM571BfbXnst":{"chainKey":{"counter":0,"key":"GdVXOOKq0YOytdnQTOKnxqGWFuY+9EdF60Z1Y02zQT0="},"chainType":2,"messageKeys":{}},"BebQajqGMPkdcLonHLbeFtJNBv+1XFS9Al0+Rw/IBIUQ":{"chainKey":{"counter":-1,"key":"BcpVuijImjYjvhzz1jScLSVjJFm4lGmyVO9mVrS/st4="},"chainType":1,"messageKeys":{}}}}},"version":"v1"}