{"_sessions":{"BbLq89DTYYzR5DblytIcSRKv1tGGl9kwR4nOjagvQXFY":{"registrationId":55501960,"currentRatchet":{"ephemeralKeyPair":{"pubKey":"BfDE0vCQAJWhGZQkKf89G7Rx3L9E4sF4l+k9Ikpy07QK","privKey":"cAwhMI/7jUn5RqHNy86Fuxkh/kUiW8dHMIWm73z0+XM="},"lastRemoteEphemeralKey":"BU9lTbh4za1adiq3Pst18OX8skGwbZjIldquBpQJg6MV","previousCounter":0,"rootKey":"x/5gQ3BPZJE1tgUorqw9hW2XeKaokestYQW9p3PN8bE="},"indexInfo":{"baseKey":"BbLq89DTYYzR5DblytIcSRKv1tGGl9kwR4nOjagvQXFY","baseKeyType":2,"closed":-1,"used":1753439818766,"created":1753439818766,"remoteIdentityKey":"BTWl2D29kO02etTDiPzkXTx6acLgFA1FAUFYYoU4pFVV"},"_chains":{"BU9lTbh4za1adiq3Pst18OX8skGwbZjIldquBpQJg6MV":{"chainKey":{"counter":2,"key":"WqInua7RyXMvIHQkaZ13hXE8K4++da487kS0o41jlFc="},"chainType":2,"messageKeys":{}},"BfDE0vCQAJWhGZQkKf89G7Rx3L9E4sF4l+k9Ikpy07QK":{"chainKey":{"counter":-1,"key":"5KZ0NbT6RYpUJL7DM6/bZdvDWNDYjCesM8LxsJun17E="},"chainType":1,"messageKeys":{}}}}},"version":"v1"}