{"_sessions":{"Bf8APcHmwBtYAO93d2KKzDqB5WTCuiCNxzOgW/lyFw4m":{"registrationId":701349426,"currentRatchet":{"ephemeralKeyPair":{"pubKey":"BZCvZtVDqYRrsC9vHHZuZL1o3UUs3bCJMz6W3X8Z+FIU","privKey":"2Ag+pKbavIf3+LPn2SrflKaNwCAvYBdsWktlMU9lNlw="},"lastRemoteEphemeralKey":"BbqdAOK3hZK2VyjbsZC936WeixTNE7r2xBUcJhM8Sq10","previousCounter":0,"rootKey":"SV3v4xuAUbA3Fb4aShZ9O+yvcl/s4ag21Cv36YMtkds="},"indexInfo":{"baseKey":"Bf8APcHmwBtYAO93d2KKzDqB5WTCuiCNxzOgW/lyFw4m","baseKeyType":2,"closed":-1,"used":1753439838330,"created":1753439838330,"remoteIdentityKey":"BWONIoM79CW9O7AAw/OMutGMttuMVgofYkpLJ96oMlBh"},"_chains":{"BbqdAOK3hZK2VyjbsZC936WeixTNE7r2xBUcJhM8Sq10":{"chainKey":{"counter":0,"key":"KI/AxB+R6tUubtD2JrB+I6LJZMGYgo+NWS5JtTbQ4yE="},"chainType":2,"messageKeys":{}},"BZCvZtVDqYRrsC9vHHZuZL1o3UUs3bCJMz6W3X8Z+FIU":{"chainKey":{"counter":-1,"key":"jtCTyRhDejDpm4hjBfBWHOC/ZEM2XhV/Hy6XJ7IexaE="},"chainType":1,"messageKeys":{}}}}},"version":"v1"}