{"_sessions":{"Bbn4jOcQGZwEwlnJeBcurd9DCkg9dxnvi7HlvjfKnB98":{"registrationId":1703084060,"currentRatchet":{"ephemeralKeyPair":{"pubKey":"BacN+ug0bMEC15VClkCeVL/t013ex72KmtMI+nWszGlv","privKey":"wI1JDG9Rq4bQDmlbnl5fpQ72ptyysq9Iajopg7wSQ1Y="},"lastRemoteEphemeralKey":"BUyNYHZ5UL1rSCCiQMFNjMhKeEFCac9Dmr6myfqsoAZi","previousCounter":0,"rootKey":"bH+xYUnDbF/UmrY7oYfgBja0QVJeofYkHFHmq3skcPo="},"indexInfo":{"baseKey":"Bbn4jOcQGZwEwlnJeBcurd9DCkg9dxnvi7HlvjfKnB98","baseKeyType":2,"closed":-1,"used":1753445953386,"created":1753445953386,"remoteIdentityKey":"BR3R0KVFK2NKjBNdB66Z7hlpZcpB4YumcN04iJHSbBtj"},"_chains":{"BUyNYHZ5UL1rSCCiQMFNjMhKeEFCac9Dmr6myfqsoAZi":{"chainKey":{"counter":2,"key":"MDNRaPsJL5xaomPa4B003+QPpdSTo/ltUOgQMuIIGRI="},"chainType":2,"messageKeys":{}},"BacN+ug0bMEC15VClkCeVL/t013ex72KmtMI+nWszGlv":{"chainKey":{"counter":-1,"key":"gvJxTyhZZwl4q97xJEHj31xyLmYvloM+pcuIrswO33w="},"chainType":1,"messageKeys":{}}}}},"version":"v1"}