{"_sessions":{"BbhgP+/xIwuSOllI215uNm+TGZnMvqi3Hv30Ig9ecrhb":{"registrationId":1081851666,"currentRatchet":{"ephemeralKeyPair":{"pubKey":"BVQYxECMgO8zy/ho1gc+BlMZmMJLD3uaYravb7bysvp2","privKey":"YAvwKIr+o3+cTUXxtc5Bl51Mu2CLRJprw64YhIpMpEU="},"lastRemoteEphemeralKey":"BbCFVJcXdV7pDnTIu/UiVEdACf7seuxxh2qBL0Vu/C1s","previousCounter":0,"rootKey":"3kSUh5zHJ3IRUqMWh/qITqxelGiG0YVhbZf27x6TDoA="},"indexInfo":{"baseKey":"BbhgP+/xIwuSOllI215uNm+TGZnMvqi3Hv30Ig9ecrhb","baseKeyType":2,"closed":-1,"used":1753439825545,"created":1753439825545,"remoteIdentityKey":"BRSh04X+Iv+zEwSJcxEqrEiWaCsd5wXO8fcRpwZjr5xv"},"_chains":{"BbCFVJcXdV7pDnTIu/UiVEdACf7seuxxh2qBL0Vu/C1s":{"chainKey":{"counter":1,"key":"KzSYyKZkaGPSi68dm6Ic/PoJRKmJ3fUxyM0AtQhT1fc="},"chainType":2,"messageKeys":{}},"BVQYxECMgO8zy/ho1gc+BlMZmMJLD3uaYravb7bysvp2":{"chainKey":{"counter":-1,"key":"oHKREj+1nG4k6sApJ63ESWw33rn+6mUVSVTT0RixaOY="},"chainType":1,"messageKeys":{}}}}},"version":"v1"}