{"_sessions":{"BcNaZ62Qe4EjgdXnRit4Omj0A5pGXa9tRilvLdm4OHlF":{"registrationId":1194108216,"currentRatchet":{"ephemeralKeyPair":{"pubKey":"BcV6SpvaTIaOsQ3PDDCSCkVay0qK6mp1lEN4MR7g0Wc2","privKey":"sOcgcjyX2TXl6tI/GAaODlPjpVEwP82X38nSoBZvVno="},"lastRemoteEphemeralKey":"BebbcyjBW02KJHoMOfy026b5fM4uKUtJo+AcgqhhbwFZ","previousCounter":0,"rootKey":"kCDQqbY9bd4vvqVnPzb2KvhcRnjBXpC9yrKIyQ89iB0="},"indexInfo":{"baseKey":"BcNaZ62Qe4EjgdXnRit4Omj0A5pGXa9tRilvLdm4OHlF","baseKeyType":2,"closed":-1,"used":1753518862225,"created":1753518862225,"remoteIdentityKey":"BffnWCjCr5PaxuBPj6kc0cHJQQltvy39tYdHjNBcS+9c"},"_chains":{"BebbcyjBW02KJHoMOfy026b5fM4uKUtJo+AcgqhhbwFZ":{"chainKey":{"counter":1,"key":"DgKYHPIHotfcRTfHfs1fly3hQc8jGPQjhex2DMg4F2I="},"chainType":2,"messageKeys":{}},"BcV6SpvaTIaOsQ3PDDCSCkVay0qK6mp1lEN4MR7g0Wc2":{"chainKey":{"counter":-1,"key":"1CakCQVH5zBwM06Xv9TDJ9HZ3ayy6dII0DTO7hLEcPc="},"chainType":1,"messageKeys":{}}}}},"version":"v1"}