{"_sessions":{"BZRnqa5/ryKeWjRyYoHjCU9qKB+UTQDqPRzaiuN5QLV6":{"registrationId":506240113,"currentRatchet":{"ephemeralKeyPair":{"pubKey":"BcAGwz83I4XExMz72hnVSUMrn23y/dHI0pWdk/RZFDgg","privKey":"YC26AWQ2MKqG4tOj69hzy6VlC0zEd7EA9k+qLVT6TVo="},"lastRemoteEphemeralKey":"BbfpBVtbAVAqsNoNGdcU3N3h47FEl1FFz8Jn/VxihNcs","previousCounter":0,"rootKey":"kVXsMSHtn2LWXlwBy14TD1DfDrJwblmiGpBjLMB6D4E="},"indexInfo":{"baseKey":"BZRnqa5/ryKeWjRyYoHjCU9qKB+UTQDqPRzaiuN5QLV6","baseKeyType":2,"closed":-1,"used":1753439824493,"created":1753439824493,"remoteIdentityKey":"BWF/C89GDvnALKNEglFuvOvf4d4d7XoHD+ON4MiIaJo8"},"_chains":{"BbfpBVtbAVAqsNoNGdcU3N3h47FEl1FFz8Jn/VxihNcs":{"chainKey":{"counter":2,"key":"kjrxBA1Wz8a7GWc4M63FLSitn796PJUdgFUzz5CX30M="},"chainType":2,"messageKeys":{}},"BcAGwz83I4XExMz72hnVSUMrn23y/dHI0pWdk/RZFDgg":{"chainKey":{"counter":-1,"key":"SwdCqzoWvdSJVlLjbimfbvmMBbZqAIv7lOWie/myVqc="},"chainType":1,"messageKeys":{}}}}},"version":"v1"}