{"_sessions":{"BUv4ZhSM6ntfFLdn8oMN77UaDkEZ3KWLigu8/rFtI/Bv":{"registrationId":1665610463,"currentRatchet":{"ephemeralKeyPair":{"pubKey":"Ben+S8HoKi4/iRIhHz34Ubc5BF2l7BEblhcKkQCNc6tg","privKey":"CJrOvN6tRAUMABOIg9vJ4imUsdZFh3p3U3/HiDgDu1o="},"lastRemoteEphemeralKey":"BbRly/b2nWKFwqWlqO9ap88LoRXkmF0MoyHpH1DB5W8G","previousCounter":0,"rootKey":"hMQN9qRT1vK0cd2fBLfPLNgTfpgTEBe8jRggtJOLAAo="},"indexInfo":{"baseKey":"BUv4ZhSM6ntfFLdn8oMN77UaDkEZ3KWLigu8/rFtI/Bv","baseKeyType":2,"closed":-1,"used":1753439876590,"created":1753439876590,"remoteIdentityKey":"BYdaZ42+21W3VTYBMJdq/xe40IoNAH2z/TuiRbqpbAMY"},"_chains":{"BbRly/b2nWKFwqWlqO9ap88LoRXkmF0MoyHpH1DB5W8G":{"chainKey":{"counter":5,"key":"x7AIDaAmYkmuimkBUNR2VgDDfavYGCQXP0c4rMN9RH8="},"chainType":2,"messageKeys":{}},"Ben+S8HoKi4/iRIhHz34Ubc5BF2l7BEblhcKkQCNc6tg":{"chainKey":{"counter":-1,"key":"gxJNGQ4bRO0JUWMuklaCaVL5/DAvj++O8rNXDt4+/v0="},"chainType":1,"messageKeys":{}}}}},"version":"v1"}