{"_sessions":{"BXdjkvvcHNhEjzMo2qHQKq42OQVtfnVK7OS93OpH7vUK":{"registrationId":1679325552,"currentRatchet":{"ephemeralKeyPair":{"pubKey":"BeVVYVny5dqtta418HwIQyXl04IBtHN6uEd2FFGGF/8j","privKey":"QG6v96FIhY/Vx8mI4TAniAP6JwvuZRSQ6+2BAeu/m3U="},"lastRemoteEphemeralKey":"BUNKTh4qmQnriLI8gzxqPPKaQUQ0t87sVYIaoNPvJrBb","previousCounter":0,"rootKey":"EgWemWW488gHvhUijDKvFe84z6XRlsGZCPVe8PCmiAc="},"indexInfo":{"baseKey":"BXdjkvvcHNhEjzMo2qHQKq42OQVtfnVK7OS93OpH7vUK","baseKeyType":2,"closed":-1,"used":1753439825063,"created":1753439825063,"remoteIdentityKey":"Ba4wM5zr6Di6VM0imVkZSl4fQYyXDGRv9Wk/MHsid5Fj"},"_chains":{"BUNKTh4qmQnriLI8gzxqPPKaQUQ0t87sVYIaoNPvJrBb":{"chainKey":{"counter":0,"key":"jI5a+dgotN292fcVc600XdIE/qL7CVhZzl812U4LLgs="},"chainType":2,"messageKeys":{}},"BeVVYVny5dqtta418HwIQyXl04IBtHN6uEd2FFGGF/8j":{"chainKey":{"counter":-1,"key":"g5YOFy9ZNYsoicOwp7+8rlzcscacj28XMHZvyYsiqm0="},"chainType":1,"messageKeys":{}}}}},"version":"v1"}