{"_sessions":{"BYR9ApVcc7GXQHQ1JpA4ywq1ppQ5QN7/0KD5W9GXnKBA":{"registrationId":1097734736,"currentRatchet":{"ephemeralKeyPair":{"pubKey":"BaptfQFjCeWCYBtWu7N4ZbitMtz7TqNQ6BtYcrSIezwY","privKey":"sPOczE+1zqnM0bV0kSndRyO17GzYqifULXvAhsUi8VA="},"lastRemoteEphemeralKey":"BYo50GW/SDsLUx6PgqjjA6jLV3ds1OaH8iHf3uDNOFky","previousCounter":0,"rootKey":"Dv9mXgBjE8ipFPzYe57LghSs25nNQHH4XlnwlkEYjCY="},"indexInfo":{"baseKey":"BYR9ApVcc7GXQHQ1JpA4ywq1ppQ5QN7/0KD5W9GXnKBA","baseKeyType":2,"closed":-1,"used":1753439834126,"created":1753439834126,"remoteIdentityKey":"BbiTmGILXupZD2XNXV4JxNRieYXbmMkUG8JSYIxaZYxo"},"_chains":{"BYo50GW/SDsLUx6PgqjjA6jLV3ds1OaH8iHf3uDNOFky":{"chainKey":{"counter":0,"key":"smfLh7dWr3T8OuWcqk0GVU4xMOuKM5GdEJ09GJvc9bI="},"chainType":2,"messageKeys":{}},"BaptfQFjCeWCYBtWu7N4ZbitMtz7TqNQ6BtYcrSIezwY":{"chainKey":{"counter":-1,"key":"FQV9WbSzLoteHul1XXyZDqHzcmE6pknSRVTsfCXYSzs="},"chainType":1,"messageKeys":{}}}}},"version":"v1"}