{"_sessions":{"Bcbz0VjobMAh1E4miX/n6u57aAj17oVhuPFm3lHdXst6":{"registrationId":1028162042,"currentRatchet":{"ephemeralKeyPair":{"pubKey":"BZa5IMruJ7ITAGbp2WXO4j8tFffB6RM8uMsCCqrkMC5M","privKey":"0O1/H6ADZpgPRCz5XKVLlh4VgFDXUKl98INfvplJxFc="},"lastRemoteEphemeralKey":"Bcmz33x/dDrjx2D02+TLcuIYMXCurDD52JASwPfY9yIZ","previousCounter":0,"rootKey":"8RetOuIgu7wPESxWj29fKuRIz9dXrbgeSokE04TBB0g="},"indexInfo":{"baseKey":"Bcbz0VjobMAh1E4miX/n6u57aAj17oVhuPFm3lHdXst6","baseKeyType":2,"closed":-1,"used":1753439835373,"created":1753439835373,"remoteIdentityKey":"BZD9S9Jx7gEjlhbdjZ55RwCVu2N4uP3druRCUpRm4TZv"},"_chains":{"Bcmz33x/dDrjx2D02+TLcuIYMXCurDD52JASwPfY9yIZ":{"chainKey":{"counter":6,"key":"w6q4F9aqH4HJM2YQK69EhfyKCEaXaz2yFWpCPD/FCD0="},"chainType":2,"messageKeys":{"4":"1Jb7b+cXPyW9Hui/tWHN4Zi5jxsy/OqVBUDsNTZtjec="}},"BZa5IMruJ7ITAGbp2WXO4j8tFffB6RM8uMsCCqrkMC5M":{"chainKey":{"counter":-1,"key":"Ua3b6CeQn3lOv3tUUANqfsuL7r/57IbKO4kZfvsDImg="},"chainType":1,"messageKeys":{}}}}},"version":"v1"}