{"_sessions":{"BQXcK6TGTyL58iD5usktfpzJKo08CbKdFOmQZaqie9pJ":{"registrationId":470529845,"currentRatchet":{"ephemeralKeyPair":{"pubKey":"BZbDNOGxhjC2bXLmVVg9gJNeImuGw2jGFvVsReSndBh3","privKey":"4OA8DGs5rtuX1f4IbwwTp/4922S0pVdsgyDdvy06ilU="},"lastRemoteEphemeralKey":"BfkSpVDdZj+bNSiWxwL0NxidjSuZIJMS8AmqYWNLsJUS","previousCounter":0,"rootKey":"/f1l9XVTJ9YELQTL/Ikd6wZUnwnoIlb55vHRd0mfM6Y="},"indexInfo":{"baseKey":"BQXcK6TGTyL58iD5usktfpzJKo08CbKdFOmQZaqie9pJ","baseKeyType":2,"closed":-1,"used":1753379434434,"created":1753379434434,"remoteIdentityKey":"Bd4pX7PTggr6JP5RSEQxVTyHCeOfVuYU34dz64OHkLY1"},"_chains":{"BfkSpVDdZj+bNSiWxwL0NxidjSuZIJMS8AmqYWNLsJUS":{"chainKey":{"counter":6,"key":"IK+iPjvJ9jFrYAbpVsuDfZLAbZsGwGYRRLkvUmJA2dM="},"chainType":2,"messageKeys":{"0":"MRk2NVC3oc38cgZ5brhl6veSvVnEza3awq6Q7MXnvO0=","1":"HG8FJMWw/uRrO6FsprBUwZt1YD6mJy8teaudUwYK/w4=","2":"6/iH1v2oL2mxeK4ttBvwPO4+NxejsceP9AHVJk5rNEI=","3":"2kpQNn1L14ODNTeytRRPCg5+Ijkv400+koYkDv4epps="}},"BZbDNOGxhjC2bXLmVVg9gJNeImuGw2jGFvVsReSndBh3":{"chainKey":{"counter":-1,"key":"imnGVMIlQbvmQhRiUpYijXNd7GWNj4TI7AHcOjjmrCI="},"chainType":1,"messageKeys":{}}}}},"version":"v1"}