{"_sessions":{"BYKO+YLA9e8UHaAQYpWg/zI5jmDSVdSvUF9hQbwJLjx2":{"registrationId":1271454610,"currentRatchet":{"ephemeralKeyPair":{"pubKey":"BW9X87ijJmXnPedjGfN48lo1pCYzDHth9g+GOebvVElZ","privKey":"yD+FMHPdnJow7lSx5kWLt4XDIRXh5txn3Lh6YBURiWw="},"lastRemoteEphemeralKey":"BbLm0MCbH+Xi8Ya90fFnnl0uRNx00k3qLToAeGYtvc4h","previousCounter":0,"rootKey":"vS85dxfy9Foh8/qandE5pt4hm9UuyghiwJQdaDlSqzI="},"indexInfo":{"baseKey":"BYKO+YLA9e8UHaAQYpWg/zI5jmDSVdSvUF9hQbwJLjx2","baseKeyType":1,"closed":-1,"used":1753378030692,"created":1753378030692,"remoteIdentityKey":"BTl441R3JCF+GbL75qPRyCCVcEKVfOfREQ2ffh8veYIK"},"_chains":{"BW9X87ijJmXnPedjGfN48lo1pCYzDHth9g+GOebvVElZ":{"chainKey":{"counter":49,"key":"A1rCRQ2pYR0ooVqNyQSNoNhwfzbea9IfxJa9yoy1Lyw="},"chainType":1,"messageKeys":{}}},"pendingPreKey":{"signedKeyId":301851,"baseKey":"BYKO+YLA9e8UHaAQYpWg/zI5jmDSVdSvUF9hQbwJLjx2","preKeyId":2483}}},"version":"v1"}