{"_sessions":{"BSTNLeiVqJ4nafC/XTTVZQIBlT41ZRLbUIr1g5qyoixm":{"registrationId":653694796,"currentRatchet":{"ephemeralKeyPair":{"pubKey":"BREH0OgVIvNy7mrgqMHzQKoymdW6TDTDWjUmV2zgFZNv","privKey":"QMgpn/C9TIL7X2OOzX2+2pDCZkbdX90d9RZMz5SX5Eo="},"lastRemoteEphemeralKey":"BSUr8aVYIVMtcc/ShftClhVDmX1QwDkt50uYawhi2RxP","previousCounter":0,"rootKey":"8WeDT95uM34Vptq7uqxUCa++c0YcvfxD2LX982aUVS8="},"indexInfo":{"baseKey":"BSTNLeiVqJ4nafC/XTTVZQIBlT41ZRLbUIr1g5qyoixm","baseKeyType":2,"closed":-1,"used":1753448671375,"created":1753448671375,"remoteIdentityKey":"BR8OGVdtpOyN6V2bPMt2WfymyTNPatfyP+qoA1kF6SlH"},"_chains":{"BSUr8aVYIVMtcc/ShftClhVDmX1QwDkt50uYawhi2RxP":{"chainKey":{"counter":4,"key":"9sAax7HgVx/zWWptrOqnVkCmac0WlqaC5p5Rz/4Nf/Q="},"chainType":2,"messageKeys":{"0":"yrOm4DTxiFflPirDvk/0W62NQ4+7HUsEpoeoZTUd5Ck=","1":"7who+Lk+qkXLgZlnbqZfOp4bpdiuBH4TgD+XKu1t5pw="}},"BREH0OgVIvNy7mrgqMHzQKoymdW6TDTDWjUmV2zgFZNv":{"chainKey":{"counter":-1,"key":"cwRZ71kgIW6F1tn3Q8THAMm+fPa6wdvrN8xCi+ttehU="},"chainType":1,"messageKeys":{}}}}},"version":"v1"}