{"_sessions":{"BSWwhPbXUXYY2Lpm9GXkxuBOM901DXTU0X7vl8yuPCxk":{"registrationId":418784968,"currentRatchet":{"ephemeralKeyPair":{"pubKey":"BanVPTWAPVv5ZgEUtE/fFEfisV0GcFIZQxlkG5tcBp4p","privKey":"KC3Lm6qqdBjl7bqX+J0MhVXirZDO5G75c0Hwn4RVtmY="},"lastRemoteEphemeralKey":"BV6YvxUPlGHFJsC2+O4zkOND9rvUfOjTGddpCP8omB0o","previousCounter":0,"rootKey":"2Ti4WagDPnidofu/QsEu6RWVED+H/JnENXVkdwGodhI="},"indexInfo":{"baseKey":"BSWwhPbXUXYY2Lpm9GXkxuBOM901DXTU0X7vl8yuPCxk","baseKeyType":2,"closed":-1,"used":1753439822968,"created":1753439822968,"remoteIdentityKey":"BavUVRfI/ZixVmRHYrPtfdoCdVzC84NY0ickH+zH+XIT"},"_chains":{"BV6YvxUPlGHFJsC2+O4zkOND9rvUfOjTGddpCP8omB0o":{"chainKey":{"counter":3,"key":"u5smysW7LdzAaM1TR4+01GAFnDQ4zzvB6qNHeqTC8Jc="},"chainType":2,"messageKeys":{}},"BanVPTWAPVv5ZgEUtE/fFEfisV0GcFIZQxlkG5tcBp4p":{"chainKey":{"counter":-1,"key":"M6TU0y0jsjpiA97pG4r+Qihnl94YFgyOdWxXinA01Og="},"chainType":1,"messageKeys":{}}}}},"version":"v1"}