{"_sessions":{"Ba9sw+r18gkwxH9fLk5zyJ7aXrLsrtNqd/+0r84F0ypY":{"registrationId":365867308,"currentRatchet":{"ephemeralKeyPair":{"pubKey":"Bd6C1THb6BhJ0C2c65zyrUmX/kFh6eUmxeik7pvH/Cs0","privKey":"WNNi+UVryiY30kgVEntW5VKqEaQ2Jj+V5gsBfexZEUg="},"lastRemoteEphemeralKey":"BRvdzujT6FgFrv39NZcmbm7gmWz7Vb2iUk1F+2vyZogN","previousCounter":0,"rootKey":"nfyiXmIiP/UjL241p6OmwgdsWcWBT3uGmGfgB17pf7E="},"indexInfo":{"baseKey":"Ba9sw+r18gkwxH9fLk5zyJ7aXrLsrtNqd/+0r84F0ypY","baseKeyType":1,"closed":-1,"used":1753375332576,"created":1753375332576,"remoteIdentityKey":"BcRiNQExfRILgcfZqHCjhwGfmNp8Eja11Pd4Pi6O/qAc"},"_chains":{"Bd6C1THb6BhJ0C2c65zyrUmX/kFh6eUmxeik7pvH/Cs0":{"chainKey":{"counter":12,"key":"zm6osDrxIi51khgHN6d2I8mX355KcR5bNXLLZ3zB2Ks="},"chainType":1,"messageKeys":{}}},"pendingPreKey":{"signedKeyId":1,"baseKey":"Ba9sw+r18gkwxH9fLk5zyJ7aXrLsrtNqd/+0r84F0ypY","preKeyId":2540}}},"version":"v1"}