{"_sessions":{"BWCbg2WpPthPsgg/eFmmDoF+P1RQbQexQ/pYrj0egRdC":{"registrationId":106450045,"currentRatchet":{"ephemeralKeyPair":{"pubKey":"BWdzETBsPlbrqI7mLTbSF7TYRX/7uMg9EJU8Ap7o/UY5","privKey":"WN8PZAdo2sWBkzE8rltE63zlAzWHkuCRVNcOERHnvVs="},"lastRemoteEphemeralKey":"BboaDooFpqrYv6WBi/bghrpFu6EmLXn84YJOV4HhNQlO","previousCounter":0,"rootKey":"ClnBx98hUp/VG4UBlJPZvBPf5Tx8C94jnd5YJjGbaZg="},"indexInfo":{"baseKey":"BWCbg2WpPthPsgg/eFmmDoF+P1RQbQexQ/pYrj0egRdC","baseKeyType":2,"closed":-1,"used":1753377089388,"created":1753377089388,"remoteIdentityKey":"BZcpJtI29+4eAqGfIv6TbUnAjzdxvuptrs0tU9K78IYd"},"_chains":{"BboaDooFpqrYv6WBi/bghrpFu6EmLXn84YJOV4HhNQlO":{"chainKey":{"counter":5,"key":"u9NDW64hx3LmQNpliVrTCSPUEOeyLHenbUnuK0TqeBk="},"chainType":2,"messageKeys":{}},"BWdzETBsPlbrqI7mLTbSF7TYRX/7uMg9EJU8Ap7o/UY5":{"chainKey":{"counter":-1,"key":"9jq87qsJLiLQNaNx/GJIXMO+cbqHDvJRUYxy24Pofjg="},"chainType":1,"messageKeys":{}}}}},"version":"v1"}