{"_sessions":{"Bcbz0VjobMAh1E4miX/n6u57aAj17oVhuPFm3lHdXst6":{"registrationId":1028162042,"currentRatchet":{"ephemeralKeyPair":{"pubKey":"BeSeP3SSaxvhalvaajvtyPmHhYwhewBiAaZi1SfCExhQ","privKey":"kKUsyP04ooBS2jIKOp9rf4UaKziBX0p8RRdMyCy2X1Q="},"lastRemoteEphemeralKey":"Bcmz33x/dDrjx2D02+TLcuIYMXCurDD52JASwPfY9yIZ","previousCounter":0,"rootKey":"jvL+90wcuTLyire4ZtRFja5IJKpocMbBeiiqjx7YOZA="},"indexInfo":{"baseKey":"Bcbz0VjobMAh1E4miX/n6u57aAj17oVhuPFm3lHdXst6","baseKeyType":2,"closed":-1,"used":1753445547437,"created":1753445547437,"remoteIdentityKey":"BZD9S9Jx7gEjlhbdjZ55RwCVu2N4uP3druRCUpRm4TZv"},"_chains":{"Bcmz33x/dDrjx2D02+TLcuIYMXCurDD52JASwPfY9yIZ":{"chainKey":{"counter":4,"key":"EEy3RR90Y1oMO8ahLclIPVX2ZCMjeci+v9fStyxR1q4="},"chainType":2,"messageKeys":{"0":"IqhB/hP8eZjbp1bOU1B5Aa3qKMjy5pxX+hKQIc/sAyM=","1":"3/WgpRqa4QR9ji57MW6N8xsHFlTysm5y03MosXiQ+ZY=","2":"Gj9huBL+nW2fbLnN+sPgFvOORmZhDwFRxDVHoXwouc4=","3":"Yh0voKWc+2lYH53s5xAcd+RVRw9/+1WD1s7wdOeGqbg="}},"BeSeP3SSaxvhalvaajvtyPmHhYwhewBiAaZi1SfCExhQ":{"chainKey":{"counter":-1,"key":"ZghByd6lFyaWKXyNEmL4Rmr7sQQeyHayDG+3ba7h1pg="},"chainType":1,"messageKeys":{}}}}},"version":"v1"}