{"_sessions":{"BSDP58JnfSRWeXjhPZOKE6K7hdty4pphVUJ/ccoLLOkg":{"registrationId":1101820025,"currentRatchet":{"ephemeralKeyPair":{"pubKey":"Ber7MO1HsIVcR8AVzR897Y2eJgS3ufZh4S/D/z4B8EEG","privKey":"QNbpDY6CgKK6jaLEooUznlQ7ZXKDPYVfgFHIwmvVl2c="},"lastRemoteEphemeralKey":"BYIxyxPtJNy6zJWALy8/zw+EbLCJ7fFesnd+7CIjmjos","previousCounter":0,"rootKey":"+2G3WW9A877ikkLGKPk4z8IchcwcSA5YdyphA3TZVos="},"indexInfo":{"baseKey":"BSDP58JnfSRWeXjhPZOKE6K7hdty4pphVUJ/ccoLLOkg","baseKeyType":2,"closed":-1,"used":1753439866837,"created":1753439866837,"remoteIdentityKey":"BRGhQZZgsiaxHjuVa9+I7C1ZXic8MFsv6IgzbLfPaC02"},"_chains":{"BYIxyxPtJNy6zJWALy8/zw+EbLCJ7fFesnd+7CIjmjos":{"chainKey":{"counter":1,"key":"vY8YbRm98UI0P8S1va7aYZjUBtrpWkeR9dFJwPOdOgE="},"chainType":2,"messageKeys":{}},"Ber7MO1HsIVcR8AVzR897Y2eJgS3ufZh4S/D/z4B8EEG":{"chainKey":{"counter":-1,"key":"Qo2yz+FjGIeCEcI6177Anxy8sKFF3dCn7Oe+zPJw88c="},"chainType":1,"messageKeys":{}}}}},"version":"v1"}