{"_sessions":{"BXqlssud0XEWYBl07AhFmQd5nUGPYXv5aKjfcBV/TZhe":{"registrationId":1666471601,"currentRatchet":{"ephemeralKeyPair":{"pubKey":"BXhfvWmvuDGK9j1qh17ySBWsXOC8z3H+r8Q3kR+ryRk4","privKey":"2OcwyERa2iH4Y5QCcntR7P3MIzTCkLcpWSIkLacfLn8="},"lastRemoteEphemeralKey":"BeLCUalvrS6EJtHnQL9SaqJYxq/oMx0BLUGNYPC81OwU","previousCounter":0,"rootKey":"Zi33XrC59mGFeR1pIGuGx7XTwSuW0rXdpc8vynQd3TA="},"indexInfo":{"baseKey":"BXqlssud0XEWYBl07AhFmQd5nUGPYXv5aKjfcBV/TZhe","baseKeyType":2,"closed":-1,"used":1753439877601,"created":1753439877601,"remoteIdentityKey":"BRMVxp8dvLmI4EkAgcarmH4cw7CZ9tx7UIvIPxg9y1kT"},"_chains":{"BeLCUalvrS6EJtHnQL9SaqJYxq/oMx0BLUGNYPC81OwU":{"chainKey":{"counter":5,"key":"aEiKSAuaiXqJJ8hxdFWR/OpouzFFhz3dkNQK4eI5z5M="},"chainType":2,"messageKeys":{"0":"9OnQOyJ+tqOg2JyVaRQvarsEgm93/41s0m1a0amdhpU=","2":"vt7q3i2BiTuNOcCmCabiXaw7QmHqWT1pUBcbuqjBZgU="}},"BXhfvWmvuDGK9j1qh17ySBWsXOC8z3H+r8Q3kR+ryRk4":{"chainKey":{"counter":-1,"key":"0Xans/fpLtVUFQaOwKz9EZfwZQT5BCWFlWP82kS2pys="},"chainType":1,"messageKeys":{}}}}},"version":"v1"}