{"_sessions":{"BabKJw14x+UZI1nm5xejoYugPLeyGV0e5Vsx/dxsgs8m":{"registrationId":313112531,"currentRatchet":{"ephemeralKeyPair":{"pubKey":"BdkpQR0NAw0gbJfQXhKbn/zUMABMwzj2rqePKWlVbgo8","privKey":"+JEJ7aH/HhgAx+3B2XPi3pDzsCAT3lKm+fcnPQe3E20="},"lastRemoteEphemeralKey":"Baulm8tLre8EAmCmPEsc22qZ6YqT+PHnCjw7ZO6G0Hct","previousCounter":0,"rootKey":"L9MSIaSUmJauLUm7jnPPBUacwaH+X5u7uGxUf9xRuB0="},"indexInfo":{"baseKey":"BabKJw14x+UZI1nm5xejoYugPLeyGV0e5Vsx/dxsgs8m","baseKeyType":2,"closed":-1,"used":1753378694434,"created":1753378694434,"remoteIdentityKey":"BZxrjnC3uoLa+/eD5uVNS4rIizQwZltZD1gI7enrOCM8"},"_chains":{"Baulm8tLre8EAmCmPEsc22qZ6YqT+PHnCjw7ZO6G0Hct":{"chainKey":{"counter":1,"key":"1Sd+e6P+9Pkjy0WyVqWi/nSG8uqelly9unCx0+FCkL8="},"chainType":2,"messageKeys":{}},"BdkpQR0NAw0gbJfQXhKbn/zUMABMwzj2rqePKWlVbgo8":{"chainKey":{"counter":-1,"key":"OFNnnNZIsDbRttR2BXcatgj3ifye05FYz9a8ztuq+sw="},"chainType":1,"messageKeys":{}}}}},"version":"v1"}