{"_sessions":{"BSAPxABYSSvPgzWSywL3zRE/ri/IUWX5f1zt5C+Py5A2":{"registrationId":1348506953,"currentRatchet":{"ephemeralKeyPair":{"pubKey":"BVm23Z2frMbpgz9rbDFFPlOOW/26hidebjwzZ2ulIAAS","privKey":"aGOEH+FZbXH85aTz0PAyYLmhpC3fDFKdq74eQGw/MWA="},"lastRemoteEphemeralKey":"BWHiw53MmYIqaTdBdFsHWrTU0HtF3kRYdkoBUy1lt+Zd","previousCounter":0,"rootKey":"ALt6blX2TonVXTw4tgYbJStd1N3k9yRC9h85G9zJdWw="},"indexInfo":{"baseKey":"BSAPxABYSSvPgzWSywL3zRE/ri/IUWX5f1zt5C+Py5A2","baseKeyType":2,"closed":-1,"used":1753379653366,"created":1753379653366,"remoteIdentityKey":"Bc1jjRuz+L+PALpiltX3Q0F6MYOhVaZg4DZo1ov61lYv"},"_chains":{"BWHiw53MmYIqaTdBdFsHWrTU0HtF3kRYdkoBUy1lt+Zd":{"chainKey":{"counter":4,"key":"6nURNtjG+ftSJr9vuWYh5HDisutDSDfJtWzBsDSccA8="},"chainType":2,"messageKeys":{"0":"YY6he7SoDeWho4uKJHjANzM1r0FWfMKJkGrWV+Ma+c0=","1":"AYXUG0y/GxUUiF+Bn9ko+IUaZO5MmCdC3iIh8rtWM6Y=","2":"nBvSKL/7F2TO6in8/mp8Sw22PVjboCXPcrx7iwxlm2w=","3":"8uesIRTkOMWJl3pnZ7ClZPkMGZ2luKqYibPS9PciAKc="}},"BVm23Z2frMbpgz9rbDFFPlOOW/26hidebjwzZ2ulIAAS":{"chainKey":{"counter":-1,"key":"QcIVRXkxW4J1WokDP4CkgTkfrDjWijGClzroWDgrIN4="},"chainType":1,"messageKeys":{}}}}},"version":"v1"}