{"_sessions":{"BRzd4p9Q/yFNP7zyQSZxbkEzYxZTvcbLo3bNHeFFE9wb":{"registrationId":1976415561,"currentRatchet":{"ephemeralKeyPair":{"pubKey":"BShIURxp00AHjGX/bZVokJwsnl0e+vx3D2ifSM1DWd5e","privKey":"wPhOueqkc2Pt3au9bH2n4vfQBRKse/c/2+V6X4h+pU8="},"lastRemoteEphemeralKey":"BQ+/7/LLJb/ua1NpH1p6asJcPYp+F/lPaSbNTw/HOhxH","previousCounter":0,"rootKey":"TQp2efBr6TPqT3cSSCWnMV8u7WZPqqBtjaHkPglQ+tU="},"indexInfo":{"baseKey":"BRzd4p9Q/yFNP7zyQSZxbkEzYxZTvcbLo3bNHeFFE9wb","baseKeyType":2,"closed":-1,"used":1753518834621,"created":1753518834621,"remoteIdentityKey":"BUDWT9wkvMh/EKsuW6TPCXNnnm7U+rqauJEFSqo5k7RS"},"_chains":{"BQ+/7/LLJb/ua1NpH1p6asJcPYp+F/lPaSbNTw/HOhxH":{"chainKey":{"counter":1,"key":"gGJpObzzayZ4FW23egDdoprNL3pHkAd0oEvxYYWAjhU="},"chainType":2,"messageKeys":{}},"BShIURxp00AHjGX/bZVokJwsnl0e+vx3D2ifSM1DWd5e":{"chainKey":{"counter":-1,"key":"tYssyiqJVqjkfxycP0XIrYe/SzLZfnmGO2IxzpmieVY="},"chainType":1,"messageKeys":{}}}}},"version":"v1"}