{"_sessions":{"BQLWbCimwIrqqM05hvA/YzDklQKNQY1Eldhzk1KGM0oA":{"registrationId":456172445,"currentRatchet":{"ephemeralKeyPair":{"pubKey":"BWRMSqULDXxzNDpztOTh5sRTsuSpGq9i/N9Lfx7/mC0v","privKey":"MAv+eH9xlPt79MsUInAeZL+PyRSTaLglVh81tLhqvlk="},"lastRemoteEphemeralKey":"BTn6uJbsy1IIIDxDLYS2ofLP1Wd8B1Rz03WuILYom1F0","previousCounter":0,"rootKey":"3+Kyiy+1kOlZkr5cXUMuNkT07lQ/6+j3zpl22woonPo="},"indexInfo":{"baseKey":"BQLWbCimwIrqqM05hvA/YzDklQKNQY1Eldhzk1KGM0oA","baseKeyType":2,"closed":-1,"used":1753439823065,"created":1753439823065,"remoteIdentityKey":"BQP3e34ipWyjNHr3NQxXvKADuGg6NT24XZGWy2ewDiwJ"},"_chains":{"BTn6uJbsy1IIIDxDLYS2ofLP1Wd8B1Rz03WuILYom1F0":{"chainKey":{"counter":5,"key":"aQ95zLxHFKX7wZoedrSbeIzQhm93Um1ehah2H+tBRsA="},"chainType":2,"messageKeys":{}},"BWRMSqULDXxzNDpztOTh5sRTsuSpGq9i/N9Lfx7/mC0v":{"chainKey":{"counter":-1,"key":"uDWEAd1Ql9Mqaky14l4x0oSj2Ynbe7h53n/qVi2MHOQ="},"chainType":1,"messageKeys":{}}}}},"version":"v1"}