{"_sessions":{"BX3LJwmq7QmYa3FYkgxzSDLUx7DxwH5xBdl/5mGLiht9":{"registrationId":1680143837,"currentRatchet":{"ephemeralKeyPair":{"pubKey":"BaRhq4jpEd/gX5l4d90OP2Qcjk8vDx9Z8/YamzzJPYJA","privKey":"QOJLpq8/J0E7+D5iVDu1FfX60z+KnPkUM3wwYxzdYng="},"lastRemoteEphemeralKey":"BYrYmuvLfObwjN8oI6a+I9NkGrz8gBCRIhm65/0DRPpI","previousCounter":0,"rootKey":"NhG7sskdY+NfoAvRZE/RymhZ42Yk/IbBLiCkOCaUzug="},"indexInfo":{"baseKey":"BX3LJwmq7QmYa3FYkgxzSDLUx7DxwH5xBdl/5mGLiht9","baseKeyType":2,"closed":-1,"used":1753518827379,"created":1753518827379,"remoteIdentityKey":"BfY7hpKnN9ZSESfj5afTd3hB7ZXNfS3cChGBdvccXFJN"},"_chains":{"BYrYmuvLfObwjN8oI6a+I9NkGrz8gBCRIhm65/0DRPpI":{"chainKey":{"counter":5,"key":"hXfgZDLgYAvwMGDwmdnenIAJqCN+u8VP0Z4Dvtq+0Ac="},"chainType":2,"messageKeys":{}},"BaRhq4jpEd/gX5l4d90OP2Qcjk8vDx9Z8/YamzzJPYJA":{"chainKey":{"counter":-1,"key":"vp8S7ivqD5TzKyKTroNJKhIyOoL3v1nq4ikP+fhWywk="},"chainType":1,"messageKeys":{}}}}},"version":"v1"}