{"_sessions":{"BbnXlcYposFgsxv/CFY37zhnfw7QuGyZVFyPglPNrtIR":{"registrationId":602613520,"currentRatchet":{"ephemeralKeyPair":{"pubKey":"BcWZXGQUFiLspL4LSYmRk6bkO7Uu8SXLhtwLzsyX0BwW","privKey":"gJDKHIlkCFj9g54TaNgTBhjds8I2qPUFu1ZJcf40W2g="},"lastRemoteEphemeralKey":"BWYMyNfZ4pTjpYsagwM32JqWpr9hAl8/hD1oCkjWhjoV","previousCounter":0,"rootKey":"UwOAzwSzlryJN4afuXZaECqg0irS46deAV5bZzG34V4="},"indexInfo":{"baseKey":"BbnXlcYposFgsxv/CFY37zhnfw7QuGyZVFyPglPNrtIR","baseKeyType":2,"closed":-1,"used":1753439896004,"created":1753439896004,"remoteIdentityKey":"BUlAHUqkGwFs+0lj+QX3jWEdIXyt/bwhfzmKRvDX8QhM"},"_chains":{"BWYMyNfZ4pTjpYsagwM32JqWpr9hAl8/hD1oCkjWhjoV":{"chainKey":{"counter":0,"key":"AkGlcrvxNl2XOkrafi0795dJ0RlszR8VVwEe467r+R0="},"chainType":2,"messageKeys":{}},"BcWZXGQUFiLspL4LSYmRk6bkO7Uu8SXLhtwLzsyX0BwW":{"chainKey":{"counter":-1,"key":"oPVxnn4QmmNss2uqjYGptjcqKy1mbOwmJbz3D+juJ0M="},"chainType":1,"messageKeys":{}}}}},"version":"v1"}