{"_sessions":{"BbzGG5mF/LecCFWmSZYe05qw3Y0cbZJ2FJRwif/sKSBO":{"registrationId":1711985322,"currentRatchet":{"ephemeralKeyPair":{"pubKey":"Bff+ArQvZfEaUlMXcaQnZCrInJidrBmX5WmZD6fvAg5p","privKey":"SIuGyHrFjA/yf8C6cTvXqgwLaB4vP+AzV+9ncB/pGHI="},"lastRemoteEphemeralKey":"BTNV3Kix6pnavlWy9dZMWot5I7Z7wC9HRRamPYR4rz0X","previousCounter":0,"rootKey":"0tzowbZHw1sZszk/N1Nzte88k9yfjflX2ZjFr+RyLDg="},"indexInfo":{"baseKey":"BbzGG5mF/LecCFWmSZYe05qw3Y0cbZJ2FJRwif/sKSBO","baseKeyType":2,"closed":-1,"used":1753448672270,"created":1753448672270,"remoteIdentityKey":"BRXA4gpO54tlJ80ij8K1YGgBK2ANS4DiqMsOTIhheXln"},"_chains":{"BTNV3Kix6pnavlWy9dZMWot5I7Z7wC9HRRamPYR4rz0X":{"chainKey":{"counter":1,"key":"35hdMUHuJtb0ZKQR+EXawY94+fAK5EgXddKZIYtDubo="},"chainType":2,"messageKeys":{}},"Bff+ArQvZfEaUlMXcaQnZCrInJidrBmX5WmZD6fvAg5p":{"chainKey":{"counter":-1,"key":"RelHJVxnV0Q3f58bCxdpFhhsbRz2iZvyp+5rMXsKFmA="},"chainType":1,"messageKeys":{}}}}},"version":"v1"}