{"_sessions":{"BQenHZpcAlBVUXQs4EGdYd6/dc1fDzwc/ySOcquP5L9M":{"registrationId":1601994093,"currentRatchet":{"ephemeralKeyPair":{"pubKey":"BYuByStS8LkDobZXwE2EkUcwheNNNGNU8tByQhEFxDJB","privKey":"EMq2reSrAcSV2iflkLehSgQ3CIjrOVQPR1ffZjaN1WU="},"lastRemoteEphemeralKey":"BWk3j6st7Nr7nSc9quVLV25cnf/T0Bbavq7K9ZOPJIRG","previousCounter":0,"rootKey":"41W3Szoy2uEsJYSHCBGtLTAuja6h64YLsKDId5HVDew="},"indexInfo":{"baseKey":"BQenHZpcAlBVUXQs4EGdYd6/dc1fDzwc/ySOcquP5L9M","baseKeyType":2,"closed":-1,"used":1753518826468,"created":1753518826468,"remoteIdentityKey":"Bd8UPxUU8WAy51aPKV7dNC40p18GURVvthcAHr5nxUgD"},"_chains":{"BWk3j6st7Nr7nSc9quVLV25cnf/T0Bbavq7K9ZOPJIRG":{"chainKey":{"counter":0,"key":"w7U0Mvc1lRnBe5u+6n1aHHiZdJB32Aw5+A3b+DIFojA="},"chainType":2,"messageKeys":{}},"BYuByStS8LkDobZXwE2EkUcwheNNNGNU8tByQhEFxDJB":{"chainKey":{"counter":-1,"key":"zantj2a5E7K4w4rptyqJ03ZVOKOy6KViHAk1m/nob0Q="},"chainType":1,"messageKeys":{}}}}},"version":"v1"}