{"_sessions":{"BdkQLEAGcnEyThz9lgZwnnVutWd1HjJktMVjxxCF4et8":{"registrationId":530258653,"currentRatchet":{"ephemeralKeyPair":{"pubKey":"BSHXkIPjkggXrpqLJx7TAolwgutzfEEOtnQAixqhKCwL","privKey":"mBFm4DwCsjT87YEqaAITaiNtA0I58q60BtKil2kaw2U="},"lastRemoteEphemeralKey":"BapbjG5uvqUTob8llspY/Vw67OAWY3Y7wEuJ4MOah4A6","previousCounter":0,"rootKey":"RMrAQAqIBK90kMhy4ye/tU8TfjvbCpqOL+WkgujB3fc="},"indexInfo":{"baseKey":"BdkQLEAGcnEyThz9lgZwnnVutWd1HjJktMVjxxCF4et8","baseKeyType":2,"closed":-1,"used":1753376905568,"created":1753376905568,"remoteIdentityKey":"BWCd6tRD2eJ8ICS9hNP0z447V+x5tXqZ47J7xlt/zM8u"},"_chains":{"BapbjG5uvqUTob8llspY/Vw67OAWY3Y7wEuJ4MOah4A6":{"chainKey":{"counter":5,"key":"LCdf9f4RYqhJvZpNgZ7K5RicPX+aLmyV0kpA1W4zIrw="},"chainType":2,"messageKeys":{"0":"IVlTipi6y8IrwPOlvjzzX397+bvI5R0/cHyWiYCEcQA=","1":"nsIKypw389zIY2xAMnTWePkHbcejfd5S/088gSpQODI=","4":"lQbEWh1YC6bHfii3wbiN1MpNSkWexGkbouQCbFP/VuA="}},"BSHXkIPjkggXrpqLJx7TAolwgutzfEEOtnQAixqhKCwL":{"chainKey":{"counter":-1,"key":"Mxxazl5lt2epdx2KN0WstSX14nz/zkhslov5IZhlzqM="},"chainType":1,"messageKeys":{}}}}},"version":"v1"}